year,month,day,weight,flag,station,co2
1958.0,3.0,29.0,4.0,0.0,MLO,316.1
1958.0,4.0,5.0,6.0,0.0,MLO,317.3
1958.0,4.0,12.0,4.0,0.0,MLO,317.6
1958.0,4.0,19.0,6.0,0.0,MLO,317.5
1958.0,4.0,26.0,2.0,0.0,MLO,316.4
1958.0,5.0,3.0,6.0,0.0,MLO,316.9
1958.0,5.0,17.0,1.0,0.0,MLO,317.5
1958.0,5.0,24.0,5.0,0.0,MLO,317.9
1958.0,7.0,5.0,2.0,0.0,MLO,315.8
1958.0,7.0,12.0,4.0,0.0,MLO,315.8
1958.0,7.0,19.0,4.0,0.0,MLO,315.4
1958.0,7.0,26.0,7.0,0.0,MLO,315.5
1958.0,8.0,2.0,3.0,0.0,MLO,315.6
1958.0,8.0,9.0,4.0,0.0,MLO,315.1
1958.0,8.0,16.0,3.0,0.0,MLO,315.0
1958.0,8.0,30.0,5.0,0.0,MLO,314.1
1958.0,9.0,6.0,1.0,0.0,MLO,313.5
1958.0,11.0,8.0,4.0,0.0,MLO,313.0
1958.0,11.0,15.0,7.0,0.0,MLO,313.2
1958.0,11.0,22.0,5.0,0.0,MLO,313.5
1958.0,11.0,29.0,7.0,0.0,MLO,314.0
1958.0,12.0,6.0,6.0,0.0,MLO,314.5
1958.0,12.0,13.0,7.0,0.0,MLO,314.4
1958.0,12.0,20.0,4.0,0.0,MLO,314.7
1958.0,12.0,27.0,2.0,0.0,MLO,315.2
1959.0,1.0,3.0,3.0,0.0,MLO,315.2
1959.0,1.0,10.0,7.0,0.0,MLO,315.5
1959.0,1.0,17.0,7.0,0.0,MLO,315.6
1959.0,1.0,24.0,5.0,0.0,MLO,315.8
1959.0,1.0,31.0,2.0,0.0,MLO,315.4
1959.0,2.0,14.0,1.0,0.0,MLO,316.9
1959.0,2.0,21.0,7.0,0.0,MLO,316.6
1959.0,2.0,28.0,3.0,0.0,MLO,316.6
1959.0,3.0,7.0,7.0,0.0,MLO,316.8
1959.0,3.0,21.0,4.0,0.0,MLO,316.7
1959.0,3.0,28.0,6.0,0.0,MLO,316.7
1959.0,4.0,4.0,7.0,0.0,MLO,317.7
1959.0,4.0,11.0,7.0,0.0,MLO,317.1
1959.0,4.0,18.0,6.0,0.0,MLO,317.6
1959.0,4.0,25.0,5.0,0.0,MLO,318.3
1959.0,5.0,2.0,3.0,0.0,MLO,318.2
1959.0,5.0,9.0,1.0,0.0,MLO,318.7
1959.0,5.0,16.0,7.0,0.0,MLO,318.0
1959.0,5.0,23.0,5.0,0.0,MLO,318.4
1959.0,6.0,6.0,7.0,0.0,MLO,318.5
1959.0,6.0,13.0,5.0,0.0,MLO,318.1
1959.0,6.0,20.0,5.0,0.0,MLO,317.8
1959.0,6.0,27.0,2.0,0.0,MLO,317.7
1959.0,7.0,4.0,7.0,0.0,MLO,316.8
1959.0,7.0,11.0,7.0,0.0,MLO,316.8
1959.0,7.0,18.0,5.0,0.0,MLO,316.4
1959.0,7.0,25.0,4.0,0.0,MLO,316.1
1959.0,8.0,1.0,7.0,0.0,MLO,315.6
1959.0,8.0,8.0,3.0,0.0,MLO,314.9
1959.0,8.0,22.0,1.0,0.0,MLO,315.0
1959.0,8.0,29.0,4.0,0.0,MLO,314.1
1959.0,9.0,5.0,5.0,0.0,MLO,314.4
1959.0,9.0,12.0,3.0,0.0,MLO,313.9
1959.0,9.0,19.0,5.0,0.0,MLO,313.5
1959.0,9.0,26.0,4.0,0.0,MLO,313.5
1959.0,10.0,3.0,6.0,0.0,MLO,313.0
1959.0,10.0,10.0,3.0,0.0,MLO,313.1
1959.0,10.0,17.0,7.0,0.0,MLO,313.4
1959.0,10.0,24.0,7.0,0.0,MLO,313.4
1959.0,10.0,31.0,7.0,0.0,MLO,314.1
1959.0,11.0,7.0,2.0,0.0,MLO,314.4
1959.0,11.0,14.0,5.0,0.0,MLO,314.8
1959.0,11.0,21.0,6.0,0.0,MLO,315.2
1959.0,11.0,28.0,5.0,0.0,MLO,315.1
1959.0,12.0,5.0,4.0,0.0,MLO,315.0
1959.0,12.0,12.0,5.0,0.0,MLO,315.6
1959.0,12.0,19.0,6.0,0.0,MLO,315.8
1959.0,12.0,26.0,6.0,0.0,MLO,315.7
1960.0,1.0,2.0,4.0,0.0,MLO,315.7
1960.0,1.0,9.0,5.0,0.0,MLO,316.4
1960.0,1.0,16.0,6.0,0.0,MLO,316.7
1960.0,1.0,23.0,5.0,0.0,MLO,316.5
1960.0,1.0,30.0,6.0,0.0,MLO,316.6
1960.0,2.0,6.0,2.0,0.0,MLO,316.6
1960.0,2.0,13.0,6.0,0.0,MLO,316.9
1960.0,2.0,20.0,4.0,0.0,MLO,317.4
1960.0,2.0,27.0,5.0,0.0,MLO,317.0
1960.0,3.0,5.0,7.0,0.0,MLO,316.9
1960.0,3.0,12.0,7.0,0.0,MLO,317.7
1960.0,3.0,19.0,4.0,0.0,MLO,318.0
1960.0,3.0,26.0,6.0,0.0,MLO,317.7
1960.0,4.0,2.0,5.0,0.0,MLO,318.6
1960.0,4.0,9.0,3.0,0.0,MLO,319.3
1960.0,4.0,16.0,7.0,0.0,MLO,319.0
1960.0,4.0,23.0,7.0,0.0,MLO,319.0
1960.0,4.0,30.0,1.0,0.0,MLO,319.7
1960.0,5.0,7.0,6.0,0.0,MLO,319.9
1960.0,5.0,14.0,5.0,0.0,MLO,319.8
1960.0,5.0,21.0,6.0,0.0,MLO,320.0
1960.0,5.0,28.0,7.0,0.0,MLO,320.0
1960.0,6.0,4.0,3.0,0.0,MLO,319.4
1960.0,6.0,11.0,5.0,0.0,MLO,320.0
1960.0,6.0,18.0,3.0,0.0,MLO,319.4
1960.0,6.0,25.0,2.0,0.0,MLO,319.0
1960.0,7.0,2.0,5.0,0.0,MLO,318.1
1960.0,7.0,9.0,4.0,0.0,MLO,318.6
1960.0,7.0,16.0,5.0,0.0,MLO,318.4
1960.0,7.0,23.0,6.0,0.0,MLO,317.9
1960.0,7.0,30.0,5.0,0.0,MLO,317.3
1960.0,8.0,6.0,3.0,0.0,MLO,316.6
1960.0,8.0,13.0,6.0,0.0,MLO,316.7
1960.0,8.0,20.0,5.0,0.0,MLO,315.1
1960.0,8.0,27.0,5.0,0.0,MLO,314.7
1960.0,9.0,3.0,7.0,0.0,MLO,314.7
1960.0,9.0,10.0,7.0,0.0,MLO,314.5
1960.0,9.0,17.0,6.0,0.0,MLO,314.2
1960.0,9.0,24.0,5.0,0.0,MLO,313.3
1960.0,10.0,1.0,2.0,0.0,MLO,313.6
1960.0,10.0,8.0,4.0,0.0,MLO,313.3
1960.0,10.0,15.0,5.0,0.0,MLO,313.9
1960.0,10.0,22.0,6.0,0.0,MLO,314.2
1960.0,10.0,29.0,3.0,0.0,MLO,314.2
1960.0,11.0,5.0,7.0,0.0,MLO,314.5
1960.0,11.0,12.0,6.0,0.0,MLO,315.1
1960.0,11.0,19.0,7.0,0.0,MLO,315.1
1960.0,11.0,26.0,7.0,0.0,MLO,315.4
1960.0,12.0,3.0,5.0,0.0,MLO,315.8
1960.0,12.0,10.0,7.0,0.0,MLO,316.0
1960.0,12.0,17.0,7.0,0.0,MLO,316.2
1960.0,12.0,24.0,5.0,0.0,MLO,316.4
1960.0,12.0,31.0,7.0,0.0,MLO,316.6
1961.0,1.0,7.0,6.0,0.0,MLO,316.7
1961.0,1.0,14.0,7.0,0.0,MLO,317.0
1961.0,1.0,21.0,7.0,0.0,MLO,317.0
1961.0,1.0,28.0,7.0,0.0,MLO,317.0
1961.0,2.0,4.0,6.0,0.0,MLO,317.0
1961.0,2.0,11.0,6.0,0.0,MLO,317.7
1961.0,2.0,18.0,7.0,0.0,MLO,317.9
1961.0,2.0,25.0,7.0,0.0,MLO,318.0
1961.0,3.0,4.0,5.0,0.0,MLO,318.0
1961.0,3.0,11.0,4.0,0.0,MLO,318.5
1961.0,3.0,18.0,6.0,0.0,MLO,318.9
1961.0,3.0,25.0,7.0,0.0,MLO,318.7
1961.0,4.0,1.0,7.0,0.0,MLO,319.4
1961.0,4.0,8.0,6.0,0.0,MLO,319.5
1961.0,4.0,15.0,7.0,0.0,MLO,318.9
1961.0,4.0,22.0,6.0,0.0,MLO,319.7
1961.0,4.0,29.0,6.0,0.0,MLO,319.6
1961.0,5.0,6.0,7.0,0.0,MLO,320.6
1961.0,5.0,13.0,3.0,0.0,MLO,320.4
1961.0,5.0,20.0,6.0,0.0,MLO,320.6
1961.0,5.0,27.0,7.0,0.0,MLO,320.3
1961.0,6.0,3.0,6.0,0.0,MLO,320.0
1961.0,6.0,10.0,5.0,0.0,MLO,320.0
1961.0,6.0,17.0,7.0,0.0,MLO,319.6
1961.0,6.0,24.0,6.0,0.0,MLO,319.4
1961.0,7.0,1.0,5.0,0.0,MLO,319.2
1961.0,7.0,8.0,6.0,0.0,MLO,319.0
1961.0,7.0,15.0,5.0,0.0,MLO,318.4
1961.0,7.0,22.0,1.0,0.0,MLO,317.1
1961.0,7.0,29.0,3.0,0.0,MLO,317.9
1961.0,8.0,5.0,7.0,0.0,MLO,317.9
1961.0,8.0,12.0,2.0,0.0,MLO,317.3
1961.0,8.0,19.0,5.0,0.0,MLO,316.7
1961.0,8.0,26.0,6.0,0.0,MLO,315.2
1961.0,9.0,2.0,5.0,0.0,MLO,315.2
1961.0,9.0,9.0,5.0,0.0,MLO,314.9
1961.0,9.0,16.0,5.0,0.0,MLO,314.5
1961.0,9.0,23.0,4.0,0.0,MLO,315.0
1961.0,9.0,30.0,4.0,0.0,MLO,315.6
1961.0,10.0,7.0,5.0,0.0,MLO,314.9
1961.0,10.0,14.0,7.0,0.0,MLO,315.4
1961.0,10.0,21.0,7.0,0.0,MLO,315.4
1961.0,10.0,28.0,6.0,0.0,MLO,315.7
1961.0,11.0,4.0,6.0,0.0,MLO,315.8
1961.0,11.0,11.0,5.0,0.0,MLO,315.7
1961.0,11.0,18.0,7.0,0.0,MLO,316.2
1961.0,11.0,25.0,6.0,0.0,MLO,316.5
1961.0,12.0,2.0,5.0,0.0,MLO,316.5
1961.0,12.0,9.0,5.0,0.0,MLO,317.0
1961.0,12.0,16.0,6.0,0.0,MLO,316.9
1961.0,12.0,23.0,3.0,0.0,MLO,317.1
1961.0,12.0,30.0,7.0,0.0,MLO,317.4
1962.0,1.0,6.0,5.0,0.0,MLO,317.9
1962.0,1.0,13.0,7.0,0.0,MLO,318.1
1962.0,1.0,20.0,5.0,0.0,MLO,318.0
1962.0,1.0,27.0,7.0,0.0,MLO,317.7
1962.0,2.0,3.0,7.0,0.0,MLO,318.0
1962.0,2.0,10.0,4.0,0.0,MLO,318.3
1962.0,2.0,17.0,4.0,0.0,MLO,318.9
1962.0,2.0,24.0,1.0,0.0,MLO,319.3
1962.0,3.0,3.0,6.0,0.0,MLO,319.2
1962.0,3.0,10.0,6.0,0.0,MLO,319.4
1962.0,3.0,17.0,7.0,0.0,MLO,319.9
1962.0,3.0,24.0,4.0,0.0,MLO,319.7
1962.0,3.0,31.0,5.0,0.0,MLO,320.2
1962.0,4.0,7.0,3.0,0.0,MLO,320.2
1962.0,4.0,14.0,6.0,0.0,MLO,321.0
1962.0,4.0,21.0,2.0,0.0,MLO,320.7
1962.0,4.0,28.0,5.0,0.0,MLO,320.3
1962.0,5.0,5.0,4.0,0.0,MLO,320.8
1962.0,5.0,12.0,5.0,0.0,MLO,320.7
1962.0,5.0,19.0,5.0,0.0,MLO,321.0
1962.0,5.0,26.0,5.0,0.0,MLO,321.1
1962.0,6.0,2.0,6.0,0.0,MLO,320.9
1962.0,6.0,9.0,5.0,0.0,MLO,320.8
1962.0,6.0,16.0,6.0,0.0,MLO,320.5
1962.0,6.0,23.0,6.0,0.0,MLO,320.1
1962.0,6.0,30.0,7.0,0.0,MLO,320.2
1962.0,7.0,7.0,6.0,0.0,MLO,320.1
1962.0,7.0,14.0,3.0,0.0,MLO,319.9
1962.0,7.0,21.0,2.0,0.0,MLO,319.0
1962.0,7.0,28.0,7.0,0.0,MLO,318.7
1962.0,8.0,4.0,3.0,0.0,MLO,318.6
1962.0,8.0,11.0,6.0,0.0,MLO,317.2
1962.0,8.0,18.0,3.0,0.0,MLO,317.4
1962.0,9.0,15.0,5.0,0.0,MLO,316.6
1962.0,9.0,22.0,4.0,0.0,MLO,315.7
1962.0,9.0,29.0,7.0,0.0,MLO,315.9
1962.0,10.0,6.0,5.0,0.0,MLO,315.1
1962.0,10.0,13.0,4.0,0.0,MLO,315.4
1962.0,10.0,20.0,5.0,0.0,MLO,315.7
1962.0,10.0,27.0,5.0,0.0,MLO,315.7
1962.0,11.0,3.0,5.0,0.0,MLO,315.9
1962.0,11.0,10.0,6.0,0.0,MLO,316.4
1962.0,11.0,17.0,7.0,0.0,MLO,316.9
1962.0,11.0,24.0,7.0,0.0,MLO,317.0
1962.0,12.0,1.0,7.0,0.0,MLO,317.1
1962.0,12.0,8.0,5.0,0.0,MLO,317.3
1962.0,12.0,15.0,7.0,0.0,MLO,317.6
1962.0,12.0,22.0,4.0,0.0,MLO,318.1
1963.0,1.0,5.0,5.0,0.0,MLO,318.5
1963.0,1.0,12.0,7.0,0.0,MLO,318.7
1963.0,1.0,19.0,7.0,0.0,MLO,318.9
1963.0,1.0,26.0,7.0,0.0,MLO,318.8
1963.0,2.0,2.0,7.0,0.0,MLO,318.7
1963.0,2.0,9.0,7.0,0.0,MLO,318.9
1963.0,2.0,23.0,2.0,0.0,MLO,319.3
1963.0,3.0,2.0,5.0,0.0,MLO,319.3
1963.0,3.0,9.0,6.0,0.0,MLO,319.7
1963.0,3.0,16.0,5.0,0.0,MLO,319.8
1963.0,3.0,23.0,7.0,0.0,MLO,320.3
1963.0,3.0,30.0,5.0,0.0,MLO,320.2
1963.0,4.0,6.0,3.0,0.0,MLO,320.3
1963.0,4.0,13.0,6.0,0.0,MLO,320.9
1963.0,4.0,20.0,6.0,0.0,MLO,322.0
1963.0,4.0,27.0,6.0,0.0,MLO,321.9
1963.0,5.0,11.0,3.0,0.0,MLO,321.9
1963.0,5.0,18.0,5.0,0.0,MLO,322.2
1963.0,5.0,25.0,6.0,0.0,MLO,322.2
1963.0,6.0,1.0,3.0,0.0,MLO,322.3
1963.0,6.0,8.0,2.0,0.0,MLO,322.0
1963.0,6.0,15.0,6.0,0.0,MLO,321.8
1963.0,6.0,22.0,4.0,0.0,MLO,320.8
1963.0,6.0,29.0,7.0,0.0,MLO,320.4
1963.0,7.0,6.0,7.0,0.0,MLO,320.1
1963.0,7.0,13.0,5.0,0.0,MLO,319.8
1963.0,7.0,20.0,7.0,0.0,MLO,319.5
1963.0,7.0,27.0,6.0,0.0,MLO,319.0
1963.0,8.0,3.0,3.0,0.0,MLO,318.6
1963.0,8.0,10.0,7.0,0.0,MLO,318.2
1963.0,8.0,17.0,3.0,0.0,MLO,317.7
1963.0,8.0,24.0,7.0,0.0,MLO,317.1
1963.0,8.0,31.0,3.0,0.0,MLO,316.4
1963.0,9.0,7.0,7.0,0.0,MLO,316.8
1963.0,9.0,14.0,7.0,0.0,MLO,315.9
1963.0,9.0,21.0,5.0,0.0,MLO,316.0
1963.0,9.0,28.0,4.0,0.0,MLO,315.9
1963.0,10.0,5.0,3.0,0.0,MLO,316.2
1963.0,10.0,12.0,7.0,0.0,MLO,315.6
1963.0,10.0,19.0,6.0,0.0,MLO,316.1
1963.0,10.0,26.0,7.0,0.0,MLO,316.3
1963.0,11.0,2.0,4.0,0.0,MLO,316.6
1963.0,11.0,9.0,6.0,0.0,MLO,316.8
1963.0,11.0,16.0,1.0,0.0,MLO,317.1
1963.0,11.0,30.0,5.0,0.0,MLO,317.5
1963.0,12.0,7.0,6.0,0.0,MLO,318.0
1963.0,12.0,14.0,4.0,0.0,MLO,318.2
1963.0,12.0,21.0,7.0,0.0,MLO,318.5
1963.0,12.0,28.0,7.0,0.0,MLO,318.7
1964.0,1.0,4.0,6.0,0.0,MLO,319.0
1964.0,1.0,11.0,6.0,0.0,MLO,319.4
1964.0,1.0,18.0,6.0,0.0,MLO,319.8
1964.0,5.0,30.0,2.0,0.0,MLO,322.0
1964.0,6.0,6.0,4.0,0.0,MLO,322.0
1964.0,6.0,27.0,3.0,0.0,MLO,321.5
1964.0,7.0,4.0,4.0,0.0,MLO,321.1
1964.0,7.0,11.0,2.0,0.0,MLO,319.9
1964.0,7.0,18.0,7.0,0.0,MLO,320.2
1964.0,7.0,25.0,5.0,0.0,MLO,320.0
1964.0,8.0,1.0,2.0,0.0,MLO,319.1
1964.0,8.0,15.0,4.0,0.0,MLO,318.6
1964.0,8.0,22.0,6.0,0.0,MLO,318.2
1964.0,8.0,29.0,5.0,0.0,MLO,318.1
1964.0,9.0,5.0,5.0,0.0,MLO,317.4
1964.0,9.0,12.0,4.0,0.0,MLO,316.5
1964.0,9.0,19.0,2.0,0.0,MLO,315.5
1964.0,9.0,26.0,2.0,0.0,MLO,317.0
1964.0,10.0,3.0,4.0,0.0,MLO,316.9
1964.0,10.0,10.0,7.0,0.0,MLO,316.5
1964.0,10.0,17.0,7.0,0.0,MLO,316.8
1964.0,10.0,24.0,2.0,0.0,MLO,317.0
1964.0,10.0,31.0,6.0,0.0,MLO,317.6
1964.0,11.0,7.0,7.0,0.0,MLO,317.7
1964.0,11.0,14.0,7.0,0.0,MLO,317.6
1964.0,11.0,21.0,6.0,0.0,MLO,317.5
1964.0,11.0,28.0,6.0,0.0,MLO,318.1
1964.0,12.0,5.0,6.0,0.0,MLO,318.4
1964.0,12.0,12.0,7.0,0.0,MLO,318.5
1964.0,12.0,19.0,7.0,0.0,MLO,318.9
1964.0,12.0,26.0,6.0,0.0,MLO,318.9
1965.0,1.0,2.0,5.0,0.0,MLO,319.0
1965.0,1.0,9.0,7.0,0.0,MLO,319.1
1965.0,1.0,16.0,7.0,0.0,MLO,319.1
1965.0,1.0,23.0,4.0,0.0,MLO,319.7
1965.0,1.0,30.0,7.0,0.0,MLO,320.1
1965.0,2.0,6.0,7.0,0.0,MLO,320.2
1965.0,2.0,13.0,7.0,0.0,MLO,320.1
1965.0,2.0,20.0,7.0,0.0,MLO,320.7
1965.0,2.0,27.0,6.0,0.0,MLO,320.8
1965.0,3.0,6.0,5.0,0.0,MLO,321.0
1965.0,3.0,13.0,7.0,0.0,MLO,320.9
1965.0,3.0,20.0,7.0,0.0,MLO,320.4
1965.0,3.0,27.0,7.0,0.0,MLO,321.4
1965.0,4.0,3.0,7.0,0.0,MLO,321.9
1965.0,4.0,10.0,4.0,0.0,MLO,322.2
1965.0,4.0,17.0,7.0,0.0,MLO,322.1
1965.0,4.0,24.0,5.0,0.0,MLO,321.8
1965.0,5.0,1.0,7.0,0.0,MLO,322.4
1965.0,5.0,8.0,6.0,0.0,MLO,322.2
1965.0,5.0,15.0,7.0,0.0,MLO,321.9
1965.0,5.0,22.0,7.0,0.0,MLO,321.6
1965.0,5.0,29.0,5.0,0.0,MLO,322.2
1965.0,6.0,5.0,7.0,0.0,MLO,321.8
1965.0,6.0,12.0,7.0,0.0,MLO,321.7
1965.0,6.0,19.0,7.0,0.0,MLO,321.7
1965.0,6.0,26.0,6.0,0.0,MLO,321.9
1965.0,7.0,3.0,7.0,0.0,MLO,321.9
1965.0,7.0,10.0,6.0,0.0,MLO,321.8
1965.0,7.0,17.0,3.0,0.0,MLO,321.7
1965.0,7.0,24.0,6.0,0.0,MLO,320.4
1965.0,7.0,31.0,5.0,0.0,MLO,319.4
1965.0,8.0,7.0,7.0,0.0,MLO,319.4
1965.0,8.0,14.0,5.0,0.0,MLO,318.0
1965.0,8.0,21.0,6.0,0.0,MLO,318.8
1965.0,8.0,28.0,3.0,0.0,MLO,318.7
1965.0,9.0,4.0,7.0,0.0,MLO,318.3
1965.0,9.0,11.0,4.0,0.0,MLO,318.0
1965.0,9.0,18.0,6.0,0.0,MLO,318.2
1965.0,9.0,25.0,6.0,0.0,MLO,316.8
1965.0,10.0,2.0,6.0,0.0,MLO,316.6
1965.0,10.0,9.0,7.0,0.0,MLO,317.2
1965.0,10.0,16.0,7.0,0.0,MLO,317.8
1965.0,10.0,23.0,7.0,0.0,MLO,317.5
1965.0,10.0,30.0,7.0,0.0,MLO,317.6
1965.0,11.0,6.0,7.0,0.0,MLO,318.3
1965.0,11.0,13.0,7.0,0.0,MLO,319.2
1965.0,11.0,20.0,7.0,0.0,MLO,318.9
1965.0,11.0,27.0,7.0,0.0,MLO,319.1
1965.0,12.0,4.0,7.0,0.0,MLO,319.0
1965.0,12.0,11.0,5.0,0.0,MLO,319.3
1965.0,12.0,18.0,6.0,0.0,MLO,319.3
1965.0,12.0,25.0,6.0,0.0,MLO,319.7
1966.0,1.0,1.0,7.0,0.0,MLO,319.6
1966.0,1.0,8.0,7.0,0.0,MLO,320.4
1966.0,1.0,15.0,7.0,0.0,MLO,320.6
1966.0,1.0,22.0,7.0,0.0,MLO,321.0
1966.0,1.0,29.0,7.0,0.0,MLO,321.1
1966.0,2.0,5.0,7.0,0.0,MLO,321.2
1966.0,2.0,12.0,6.0,0.0,MLO,321.7
1966.0,2.0,19.0,7.0,0.0,MLO,321.6
1966.0,2.0,26.0,7.0,0.0,MLO,321.8
1966.0,3.0,5.0,4.0,0.0,MLO,322.1
1966.0,3.0,12.0,5.0,0.0,MLO,322.1
1966.0,3.0,19.0,6.0,0.0,MLO,322.5
1966.0,3.0,26.0,5.0,0.0,MLO,322.8
1966.0,4.0,2.0,7.0,0.0,MLO,323.5
1966.0,4.0,9.0,3.0,0.0,MLO,323.6
1966.0,4.0,16.0,7.0,0.0,MLO,323.8
1966.0,4.0,23.0,4.0,0.0,MLO,323.9
1966.0,4.0,30.0,6.0,0.0,MLO,323.5
1966.0,5.0,7.0,6.0,0.0,MLO,324.0
1966.0,5.0,14.0,7.0,0.0,MLO,324.1
1966.0,5.0,21.0,7.0,0.0,MLO,323.7
1966.0,5.0,28.0,7.0,0.0,MLO,324.3
1966.0,6.0,4.0,7.0,0.0,MLO,324.0
1966.0,6.0,11.0,7.0,0.0,MLO,323.8
1966.0,6.0,18.0,7.0,0.0,MLO,323.7
1966.0,6.0,25.0,6.0,0.0,MLO,323.3
1966.0,7.0,2.0,5.0,0.0,MLO,322.8
1966.0,7.0,9.0,6.0,0.0,MLO,322.9
1966.0,8.0,6.0,4.0,0.0,MLO,321.3
1966.0,8.0,13.0,3.0,0.0,MLO,320.8
1966.0,8.0,20.0,3.0,0.0,MLO,319.1
1966.0,8.0,27.0,7.0,0.0,MLO,319.6
1966.0,9.0,3.0,4.0,0.0,MLO,319.9
1966.0,9.0,10.0,3.0,0.0,MLO,318.2
1966.0,9.0,17.0,7.0,0.0,MLO,318.4
1966.0,9.0,24.0,5.0,0.0,MLO,318.3
1966.0,10.0,1.0,6.0,0.0,MLO,317.9
1966.0,10.0,8.0,7.0,0.0,MLO,317.9
1966.0,10.0,15.0,4.0,0.0,MLO,318.2
1966.0,10.0,22.0,4.0,0.0,MLO,318.6
1966.0,10.0,29.0,6.0,0.0,MLO,318.3
1966.0,11.0,12.0,4.0,0.0,MLO,319.5
1966.0,11.0,19.0,5.0,0.0,MLO,320.0
1966.0,11.0,26.0,6.0,0.0,MLO,320.2
1966.0,12.0,3.0,3.0,0.0,MLO,320.8
1966.0,12.0,10.0,7.0,0.0,MLO,320.8
1966.0,12.0,17.0,5.0,0.0,MLO,321.1
1966.0,12.0,24.0,4.0,0.0,MLO,321.3
1966.0,12.0,31.0,7.0,0.0,MLO,321.3
1967.0,1.0,7.0,6.0,0.0,MLO,321.9
1967.0,1.0,14.0,2.0,0.0,MLO,322.9
1967.0,2.0,4.0,5.0,0.0,MLO,322.1
1967.0,2.0,11.0,5.0,0.0,MLO,322.2
1967.0,2.0,18.0,6.0,0.0,MLO,322.8
1967.0,2.0,25.0,4.0,0.0,MLO,322.6
1967.0,3.0,4.0,6.0,0.0,MLO,322.9
1967.0,3.0,11.0,6.0,0.0,MLO,322.6
1967.0,3.0,18.0,4.0,0.0,MLO,323.3
1967.0,3.0,25.0,2.0,0.0,MLO,323.2
1967.0,4.0,1.0,3.0,0.0,MLO,323.1
1967.0,4.0,8.0,7.0,0.0,MLO,324.2
1967.0,4.0,15.0,5.0,0.0,MLO,324.4
1967.0,4.0,22.0,3.0,0.0,MLO,324.6
1967.0,4.0,29.0,6.0,0.0,MLO,325.1
1967.0,5.0,6.0,1.0,0.0,MLO,325.2
1967.0,5.0,13.0,5.0,0.0,MLO,324.7
1967.0,5.0,20.0,5.0,0.0,MLO,325.0
1967.0,5.0,27.0,5.0,0.0,MLO,324.9
1967.0,6.0,3.0,4.0,0.0,MLO,324.9
1967.0,6.0,10.0,6.0,0.0,MLO,324.6
1967.0,6.0,17.0,4.0,0.0,MLO,323.3
1967.0,6.0,24.0,6.0,0.0,MLO,323.5
1967.0,7.0,1.0,6.0,0.0,MLO,322.8
1967.0,7.0,8.0,7.0,0.0,MLO,322.8
1967.0,7.0,15.0,5.0,0.0,MLO,322.4
1967.0,7.0,22.0,5.0,0.0,MLO,322.4
1967.0,7.0,29.0,6.0,0.0,MLO,322.0
1967.0,8.0,5.0,7.0,0.0,MLO,321.6
1967.0,8.0,12.0,5.0,0.0,MLO,321.4
1967.0,8.0,19.0,5.0,0.0,MLO,320.4
1967.0,8.0,26.0,5.0,0.0,MLO,320.0
1967.0,9.0,2.0,4.0,0.0,MLO,320.0
1967.0,9.0,9.0,6.0,0.0,MLO,319.4
1967.0,9.0,16.0,7.0,0.0,MLO,319.3
1967.0,9.0,23.0,7.0,0.0,MLO,319.0
1967.0,9.0,30.0,7.0,0.0,MLO,318.8
1967.0,10.0,7.0,7.0,0.0,MLO,318.8
1967.0,10.0,14.0,6.0,0.0,MLO,319.8
1967.0,10.0,21.0,7.0,0.0,MLO,319.4
1967.0,10.0,28.0,7.0,0.0,MLO,319.8
1967.0,11.0,4.0,7.0,0.0,MLO,320.0
1967.0,11.0,11.0,7.0,0.0,MLO,320.3
1967.0,11.0,18.0,7.0,0.0,MLO,320.9
1967.0,11.0,25.0,7.0,0.0,MLO,321.5
1967.0,12.0,2.0,7.0,0.0,MLO,321.4
1967.0,12.0,9.0,7.0,0.0,MLO,321.8
1967.0,12.0,16.0,7.0,0.0,MLO,322.2
1967.0,12.0,23.0,7.0,0.0,MLO,321.9
1967.0,12.0,30.0,7.0,0.0,MLO,322.3
1968.0,1.0,6.0,7.0,0.0,MLO,322.4
1968.0,1.0,13.0,7.0,0.0,MLO,322.5
1968.0,1.0,20.0,6.0,0.0,MLO,322.5
1968.0,1.0,27.0,7.0,0.0,MLO,322.8
1968.0,2.0,3.0,7.0,0.0,MLO,322.6
1968.0,2.0,10.0,7.0,0.0,MLO,323.1
1968.0,2.0,17.0,7.0,0.0,MLO,323.4
1968.0,2.0,24.0,7.0,0.0,MLO,323.1
1968.0,3.0,2.0,6.0,0.0,MLO,323.1
1968.0,3.0,9.0,4.0,0.0,MLO,323.8
1968.0,3.0,16.0,6.0,0.0,MLO,323.8
1968.0,3.0,23.0,6.0,0.0,MLO,324.2
1968.0,3.0,30.0,5.0,0.0,MLO,324.7
1968.0,4.0,6.0,7.0,0.0,MLO,324.7
1968.0,4.0,13.0,6.0,0.0,MLO,325.0
1968.0,4.0,20.0,5.0,0.0,MLO,324.8
1968.0,4.0,27.0,7.0,0.0,MLO,325.4
1968.0,5.0,4.0,7.0,0.0,MLO,325.6
1968.0,5.0,11.0,7.0,0.0,MLO,325.0
1968.0,5.0,18.0,6.0,0.0,MLO,325.5
1968.0,5.0,25.0,7.0,0.0,MLO,325.8
1968.0,6.0,1.0,5.0,0.0,MLO,325.6
1968.0,6.0,8.0,7.0,0.0,MLO,325.7
1968.0,6.0,15.0,4.0,0.0,MLO,325.5
1968.0,6.0,22.0,4.0,0.0,MLO,324.9
1968.0,6.0,29.0,5.0,0.0,MLO,324.6
1968.0,7.0,6.0,6.0,0.0,MLO,324.7
1968.0,7.0,13.0,7.0,0.0,MLO,324.1
1968.0,7.0,20.0,7.0,0.0,MLO,323.9
1968.0,7.0,27.0,7.0,0.0,MLO,323.4
1968.0,8.0,3.0,5.0,0.0,MLO,322.4
1968.0,8.0,10.0,5.0,0.0,MLO,322.2
1968.0,8.0,17.0,3.0,0.0,MLO,322.0
1968.0,8.0,24.0,6.0,0.0,MLO,321.7
1968.0,8.0,31.0,6.0,0.0,MLO,321.4
1968.0,9.0,7.0,7.0,0.0,MLO,320.4
1968.0,9.0,14.0,7.0,0.0,MLO,321.1
1968.0,9.0,21.0,7.0,0.0,MLO,319.7
1968.0,9.0,28.0,7.0,0.0,MLO,319.8
1968.0,10.0,5.0,7.0,0.0,MLO,320.5
1968.0,10.0,12.0,6.0,0.0,MLO,320.5
1968.0,10.0,19.0,7.0,0.0,MLO,320.2
1968.0,10.0,26.0,7.0,0.0,MLO,319.9
1968.0,11.0,2.0,5.0,0.0,MLO,320.7
1968.0,11.0,9.0,7.0,0.0,MLO,320.8
1968.0,11.0,16.0,7.0,0.0,MLO,321.4
1968.0,11.0,23.0,7.0,0.0,MLO,321.7
1968.0,11.0,30.0,6.0,0.0,MLO,322.0
1968.0,12.0,7.0,4.0,0.0,MLO,322.4
1968.0,12.0,14.0,7.0,0.0,MLO,322.9
1968.0,12.0,21.0,5.0,0.0,MLO,323.3
1968.0,12.0,28.0,6.0,0.0,MLO,323.1
1969.0,1.0,4.0,6.0,0.0,MLO,323.3
1969.0,1.0,11.0,6.0,0.0,MLO,324.0
1969.0,1.0,18.0,6.0,0.0,MLO,324.3
1969.0,1.0,25.0,7.0,0.0,MLO,324.1
1969.0,2.0,1.0,7.0,0.0,MLO,324.1
1969.0,2.0,8.0,5.0,0.0,MLO,323.9
1969.0,2.0,15.0,5.0,0.0,MLO,324.3
1969.0,2.0,22.0,5.0,0.0,MLO,324.8
1969.0,3.0,1.0,7.0,0.0,MLO,325.1
1969.0,3.0,8.0,7.0,0.0,MLO,325.5
1969.0,3.0,15.0,7.0,0.0,MLO,325.7
1969.0,3.0,22.0,6.0,0.0,MLO,325.9
1969.0,3.0,29.0,7.0,0.0,MLO,325.8
1969.0,4.0,5.0,7.0,0.0,MLO,326.2
1969.0,4.0,12.0,7.0,0.0,MLO,327.1
1969.0,4.0,19.0,6.0,0.0,MLO,326.5
1969.0,4.0,26.0,6.0,0.0,MLO,326.5
1969.0,5.0,3.0,7.0,0.0,MLO,327.5
1969.0,5.0,10.0,7.0,0.0,MLO,327.8
1969.0,5.0,17.0,6.0,0.0,MLO,326.8
1969.0,5.0,24.0,7.0,0.0,MLO,326.9
1969.0,5.0,31.0,5.0,0.0,MLO,327.4
1969.0,6.0,7.0,6.0,0.0,MLO,326.5
1969.0,6.0,14.0,4.0,0.0,MLO,326.7
1969.0,6.0,21.0,5.0,0.0,MLO,326.7
1969.0,6.0,28.0,7.0,0.0,MLO,326.3
1969.0,7.0,5.0,6.0,0.0,MLO,326.1
1969.0,7.0,12.0,7.0,0.0,MLO,326.0
1969.0,7.0,19.0,6.0,0.0,MLO,325.7
1969.0,7.0,26.0,4.0,0.0,MLO,325.4
1969.0,8.0,2.0,5.0,0.0,MLO,324.5
1969.0,8.0,9.0,7.0,0.0,MLO,324.5
1969.0,8.0,16.0,7.0,0.0,MLO,323.1
1969.0,8.0,23.0,5.0,0.0,MLO,322.5
1969.0,8.0,30.0,7.0,0.0,MLO,323.1
1969.0,9.0,6.0,6.0,0.0,MLO,322.2
1969.0,9.0,13.0,6.0,0.0,MLO,322.7
1969.0,9.0,20.0,4.0,0.0,MLO,322.8
1969.0,9.0,27.0,7.0,0.0,MLO,321.9
1969.0,10.0,4.0,7.0,0.0,MLO,321.5
1969.0,10.0,11.0,7.0,0.0,MLO,321.8
1969.0,10.0,18.0,7.0,0.0,MLO,322.0
1969.0,10.0,25.0,7.0,0.0,MLO,321.9
1969.0,11.0,1.0,7.0,0.0,MLO,322.2
1969.0,11.0,8.0,7.0,0.0,MLO,322.6
1969.0,11.0,15.0,7.0,0.0,MLO,322.7
1969.0,11.0,22.0,7.0,0.0,MLO,323.1
1969.0,11.0,29.0,7.0,0.0,MLO,323.5
1969.0,12.0,6.0,7.0,0.0,MLO,323.9
1969.0,12.0,13.0,7.0,0.0,MLO,323.9
1969.0,12.0,20.0,7.0,0.0,MLO,324.2
1969.0,12.0,27.0,7.0,0.0,MLO,324.5
1970.0,1.0,3.0,7.0,0.0,MLO,324.7
1970.0,1.0,10.0,7.0,0.0,MLO,325.4
1970.0,1.0,17.0,7.0,0.0,MLO,325.0
1970.0,1.0,24.0,7.0,0.0,MLO,324.8
1970.0,1.0,31.0,7.0,0.0,MLO,325.5
1970.0,2.0,7.0,7.0,0.0,MLO,325.7
1970.0,2.0,14.0,7.0,0.0,MLO,326.0
1970.0,2.0,21.0,6.0,0.0,MLO,326.3
1970.0,2.0,28.0,7.0,0.0,MLO,326.1
1970.0,3.0,7.0,7.0,0.0,MLO,326.8
1970.0,3.0,14.0,7.0,0.0,MLO,326.8
1970.0,3.0,21.0,7.0,0.0,MLO,327.5
1970.0,3.0,28.0,7.0,0.0,MLO,326.9
1970.0,4.0,4.0,7.0,0.0,MLO,328.2
1970.0,4.0,11.0,7.0,0.0,MLO,327.8
1970.0,4.0,18.0,7.0,0.0,MLO,327.8
1970.0,4.0,25.0,7.0,0.0,MLO,328.5
1970.0,5.0,2.0,7.0,0.0,MLO,327.9
1970.0,5.0,9.0,5.0,0.0,MLO,327.5
1970.0,5.0,16.0,5.0,0.0,MLO,328.0
1970.0,5.0,23.0,7.0,0.0,MLO,328.3
1970.0,5.0,30.0,6.0,0.0,MLO,327.9
1970.0,6.0,6.0,7.0,0.0,MLO,327.5
1970.0,6.0,13.0,7.0,0.0,MLO,327.8
1970.0,6.0,20.0,7.0,0.0,MLO,327.7
1970.0,6.0,27.0,6.0,0.0,MLO,327.2
1970.0,7.0,4.0,6.0,0.0,MLO,327.2
1970.0,7.0,11.0,6.0,0.0,MLO,326.2
1970.0,7.0,18.0,6.0,0.0,MLO,326.2
1970.0,7.0,25.0,7.0,0.0,MLO,325.6
1970.0,8.0,1.0,5.0,0.0,MLO,325.2
1970.0,8.0,8.0,3.0,0.0,MLO,325.2
1970.0,8.0,15.0,6.0,0.0,MLO,324.8
1970.0,8.0,22.0,5.0,0.0,MLO,324.8
1970.0,8.0,29.0,5.0,0.0,MLO,323.3
1970.0,9.0,5.0,7.0,0.0,MLO,322.9
1970.0,9.0,12.0,4.0,0.0,MLO,323.5
1970.0,9.0,19.0,4.0,0.0,MLO,323.1
1970.0,9.0,26.0,5.0,0.0,MLO,323.1
1970.0,10.0,3.0,5.0,0.0,MLO,323.2
1970.0,10.0,10.0,6.0,0.0,MLO,323.5
1970.0,10.0,17.0,4.0,0.0,MLO,322.9
1970.0,10.0,24.0,7.0,0.0,MLO,323.0
1970.0,10.0,31.0,5.0,0.0,MLO,323.1
1970.0,11.0,7.0,7.0,0.0,MLO,323.6
1970.0,11.0,14.0,5.0,0.0,MLO,323.7
1970.0,11.0,21.0,7.0,0.0,MLO,324.2
1970.0,11.0,28.0,7.0,0.0,MLO,324.7
1970.0,12.0,5.0,7.0,0.0,MLO,324.7
1970.0,12.0,12.0,7.0,0.0,MLO,325.0
1970.0,12.0,19.0,7.0,0.0,MLO,325.2
1970.0,12.0,26.0,3.0,0.0,MLO,325.5
1971.0,1.0,2.0,6.0,0.0,MLO,325.7
1971.0,1.0,9.0,7.0,0.0,MLO,325.8
1971.0,1.0,16.0,7.0,0.0,MLO,325.9
1971.0,1.0,23.0,6.0,0.0,MLO,326.7
1971.0,1.0,30.0,7.0,0.0,MLO,326.6
1971.0,2.0,6.0,7.0,0.0,MLO,326.5
1971.0,2.0,13.0,7.0,0.0,MLO,326.4
1971.0,2.0,20.0,7.0,0.0,MLO,326.7
1971.0,2.0,27.0,7.0,0.0,MLO,327.0
1971.0,3.0,6.0,6.0,0.0,MLO,327.1
1971.0,3.0,13.0,6.0,0.0,MLO,327.3
1971.0,3.0,20.0,7.0,0.0,MLO,327.0
1971.0,3.0,27.0,7.0,0.0,MLO,327.4
1971.0,4.0,3.0,6.0,0.0,MLO,327.4
1971.0,4.0,10.0,6.0,0.0,MLO,327.1
1971.0,4.0,17.0,7.0,0.0,MLO,327.7
1971.0,4.0,24.0,7.0,0.0,MLO,328.5
1971.0,5.0,1.0,7.0,0.0,MLO,328.2
1971.0,5.0,8.0,7.0,0.0,MLO,329.0
1971.0,5.0,15.0,7.0,0.0,MLO,329.2
1971.0,5.0,22.0,7.0,0.0,MLO,328.9
1971.0,5.0,29.0,6.0,0.0,MLO,328.8
1971.0,6.0,5.0,6.0,0.0,MLO,328.5
1971.0,6.0,12.0,7.0,0.0,MLO,328.8
1971.0,6.0,19.0,7.0,0.0,MLO,328.1
1971.0,6.0,26.0,7.0,0.0,MLO,328.5
1971.0,7.0,3.0,7.0,0.0,MLO,327.9
1971.0,7.0,10.0,6.0,0.0,MLO,327.8
1971.0,7.0,17.0,7.0,0.0,MLO,327.5
1971.0,7.0,24.0,6.0,0.0,MLO,326.2
1971.0,7.0,31.0,2.0,0.0,MLO,326.7
1971.0,8.0,7.0,7.0,0.0,MLO,326.1
1971.0,8.0,14.0,2.0,0.0,MLO,325.6
1971.0,8.0,21.0,6.0,0.0,MLO,325.3
1971.0,8.0,28.0,6.0,0.0,MLO,324.0
1971.0,9.0,4.0,7.0,0.0,MLO,323.6
1971.0,9.0,11.0,7.0,0.0,MLO,323.5
1971.0,9.0,18.0,4.0,0.0,MLO,323.2
1971.0,9.0,25.0,7.0,0.0,MLO,323.3
1971.0,10.0,2.0,7.0,0.0,MLO,323.3
1971.0,10.0,9.0,1.0,0.0,MLO,322.9
1971.0,10.0,16.0,7.0,0.0,MLO,323.5
1971.0,10.0,23.0,7.0,0.0,MLO,323.6
1971.0,10.0,30.0,7.0,0.0,MLO,324.4
1971.0,11.0,6.0,7.0,0.0,MLO,324.3
1971.0,11.0,13.0,7.0,0.0,MLO,324.5
1971.0,11.0,20.0,7.0,0.0,MLO,325.0
1971.0,11.0,27.0,7.0,0.0,MLO,325.5
1971.0,12.0,4.0,7.0,0.0,MLO,325.3
1971.0,12.0,11.0,7.0,0.0,MLO,325.9
1971.0,12.0,18.0,7.0,0.0,MLO,326.2
1971.0,12.0,25.0,7.0,0.0,MLO,326.3
1972.0,1.0,1.0,6.0,0.0,MLO,326.6
1972.0,1.0,8.0,7.0,0.0,MLO,326.6
1972.0,1.0,15.0,7.0,0.0,MLO,326.6
1972.0,1.0,22.0,7.0,0.0,MLO,326.6
1972.0,1.0,29.0,7.0,0.0,MLO,327.2
1972.0,2.0,5.0,7.0,0.0,MLO,327.4
1972.0,2.0,12.0,7.0,0.0,MLO,327.9
1972.0,2.0,19.0,7.0,0.0,MLO,327.8
1972.0,2.0,26.0,7.0,0.0,MLO,327.4
1972.0,3.0,4.0,7.0,0.0,MLO,327.5
1972.0,3.0,11.0,6.0,0.0,MLO,327.1
1972.0,3.0,18.0,7.0,0.0,MLO,327.7
1972.0,3.0,25.0,4.0,0.0,MLO,328.6
1972.0,4.0,1.0,6.0,0.0,MLO,328.9
1972.0,4.0,8.0,7.0,0.0,MLO,329.4
1972.0,4.0,15.0,7.0,0.0,MLO,329.8
1972.0,4.0,22.0,7.0,0.0,MLO,330.1
1972.0,4.0,29.0,6.0,0.0,MLO,330.0
1972.0,5.0,6.0,7.0,0.0,MLO,330.0
1972.0,5.0,13.0,7.0,0.0,MLO,329.7
1972.0,5.0,20.0,7.0,0.0,MLO,330.1
1972.0,5.0,27.0,7.0,0.0,MLO,330.2
1972.0,6.0,3.0,7.0,0.0,MLO,329.7
1972.0,6.0,10.0,5.0,0.0,MLO,329.1
1972.0,6.0,17.0,7.0,0.0,MLO,329.0
1972.0,6.0,24.0,7.0,0.0,MLO,328.5
1972.0,7.0,1.0,7.0,0.0,MLO,328.6
1972.0,7.0,8.0,7.0,0.0,MLO,328.3
1972.0,7.0,15.0,7.0,0.0,MLO,327.7
1972.0,7.0,22.0,5.0,0.0,MLO,328.1
1972.0,7.0,29.0,5.0,0.0,MLO,327.5
1972.0,8.0,5.0,7.0,0.0,MLO,326.9
1972.0,8.0,12.0,7.0,0.0,MLO,326.6
1972.0,8.0,19.0,7.0,0.0,MLO,326.5
1972.0,8.0,26.0,7.0,0.0,MLO,325.0
1972.0,9.0,2.0,7.0,0.0,MLO,325.4
1972.0,9.0,9.0,7.0,0.0,MLO,325.7
1972.0,9.0,16.0,7.0,0.0,MLO,324.8
1972.0,9.0,23.0,7.0,0.0,MLO,324.2
1972.0,9.0,30.0,6.0,0.0,MLO,324.2
1972.0,10.0,7.0,6.0,0.0,MLO,324.8
1972.0,10.0,14.0,5.0,0.0,MLO,325.5
1972.0,10.0,21.0,7.0,0.0,MLO,325.1
1972.0,10.0,28.0,7.0,0.0,MLO,325.8
1972.0,11.0,4.0,7.0,0.0,MLO,326.3
1972.0,11.0,11.0,6.0,0.0,MLO,326.1
1972.0,11.0,18.0,7.0,0.0,MLO,326.4
1972.0,11.0,25.0,7.0,0.0,MLO,326.9
1972.0,12.0,2.0,7.0,0.0,MLO,326.9
1972.0,12.0,9.0,7.0,0.0,MLO,327.1
1972.0,12.0,16.0,7.0,0.0,MLO,327.6
1972.0,12.0,23.0,6.0,0.0,MLO,327.9
1972.0,12.0,30.0,7.0,0.0,MLO,328.2
1973.0,1.0,6.0,5.0,0.0,MLO,328.4
1973.0,1.0,13.0,7.0,0.0,MLO,328.4
1973.0,1.0,20.0,5.0,0.0,MLO,328.6
1973.0,1.0,27.0,7.0,0.0,MLO,328.8
1973.0,2.0,3.0,6.0,0.0,MLO,329.1
1973.0,2.0,10.0,7.0,0.0,MLO,329.5
1973.0,2.0,17.0,7.0,0.0,MLO,329.6
1973.0,2.0,24.0,7.0,0.0,MLO,329.7
1973.0,3.0,3.0,6.0,0.0,MLO,329.9
1973.0,3.0,10.0,7.0,0.0,MLO,330.1
1973.0,3.0,17.0,5.0,0.0,MLO,330.5
1973.0,3.0,24.0,4.0,0.0,MLO,330.8
1973.0,3.0,31.0,7.0,0.0,MLO,330.6
1973.0,4.0,7.0,7.0,0.0,MLO,331.2
1973.0,4.0,14.0,7.0,0.0,MLO,331.1
1973.0,4.0,21.0,6.0,0.0,MLO,331.9
1973.0,4.0,28.0,4.0,0.0,MLO,332.1
1973.0,5.0,5.0,7.0,0.0,MLO,332.2
1973.0,5.0,12.0,7.0,0.0,MLO,332.3
1973.0,5.0,19.0,7.0,0.0,MLO,332.6
1973.0,5.0,26.0,6.0,0.0,MLO,332.5
1973.0,6.0,2.0,6.0,0.0,MLO,332.2
1973.0,6.0,9.0,7.0,0.0,MLO,332.5
1973.0,6.0,16.0,7.0,0.0,MLO,332.0
1973.0,6.0,23.0,7.0,0.0,MLO,331.6
1973.0,6.0,30.0,4.0,0.0,MLO,331.4
1973.0,7.0,7.0,6.0,0.0,MLO,331.5
1973.0,7.0,14.0,5.0,0.0,MLO,331.0
1973.0,7.0,21.0,5.0,0.0,MLO,330.0
1973.0,7.0,28.0,3.0,0.0,MLO,330.1
1973.0,8.0,4.0,4.0,0.0,MLO,330.0
1973.0,8.0,11.0,5.0,0.0,MLO,329.5
1973.0,8.0,18.0,4.0,0.0,MLO,329.3
1973.0,8.0,25.0,6.0,0.0,MLO,328.5
1973.0,9.0,1.0,5.0,0.0,MLO,328.4
1973.0,9.0,8.0,5.0,0.0,MLO,327.6
1973.0,9.0,15.0,5.0,0.0,MLO,327.8
1973.0,9.0,22.0,5.0,0.0,MLO,327.1
1973.0,9.0,29.0,2.0,0.0,MLO,326.6
1973.0,10.0,6.0,7.0,0.0,MLO,327.0
1973.0,10.0,13.0,4.0,0.0,MLO,327.4
1973.0,10.0,20.0,7.0,0.0,MLO,327.4
1973.0,10.0,27.0,6.0,0.0,MLO,327.1
1973.0,11.0,3.0,4.0,0.0,MLO,327.5
1973.0,11.0,10.0,5.0,0.0,MLO,328.0
1973.0,11.0,17.0,6.0,0.0,MLO,328.2
1973.0,11.0,24.0,5.0,0.0,MLO,328.5
1973.0,12.0,1.0,6.0,0.0,MLO,329.0
1973.0,12.0,8.0,2.0,0.0,MLO,328.7
1973.0,12.0,15.0,7.0,0.0,MLO,328.6
1973.0,12.0,22.0,7.0,0.0,MLO,328.2
1973.0,12.0,29.0,5.0,0.0,MLO,328.7
1974.0,1.0,5.0,7.0,0.0,MLO,328.9
1974.0,1.0,12.0,7.0,0.0,MLO,329.2
1974.0,1.0,19.0,6.0,0.0,MLO,329.4
1974.0,1.0,26.0,6.0,0.0,MLO,329.8
1974.0,2.0,2.0,7.0,0.0,MLO,330.5
1974.0,2.0,9.0,7.0,0.0,MLO,330.8
1974.0,2.0,16.0,7.0,0.0,MLO,330.6
1974.0,2.0,23.0,7.0,0.0,MLO,330.6
1974.0,3.0,2.0,7.0,0.0,MLO,330.7
1974.0,3.0,9.0,6.0,0.0,MLO,331.2
1974.0,3.0,16.0,7.0,0.0,MLO,332.1
1974.0,3.0,23.0,7.0,0.0,MLO,332.0
1974.0,3.0,30.0,7.0,0.0,MLO,331.5
1974.0,4.0,6.0,7.0,0.0,MLO,332.4
1974.0,4.0,13.0,7.0,0.0,MLO,332.1
1974.0,4.0,20.0,7.0,0.0,MLO,332.9
1974.0,4.0,27.0,7.0,0.0,MLO,333.1
1974.0,5.0,4.0,7.0,0.0,MLO,332.9
1974.0,5.0,11.0,7.0,0.0,MLO,333.0
1974.0,5.0,18.0,7.0,0.0,MLO,333.2
1974.0,5.0,25.0,7.0,0.0,MLO,332.8
1974.0,6.0,1.0,7.0,0.0,MLO,332.9
1974.0,6.0,8.0,6.0,0.0,MLO,332.0
1974.0,6.0,15.0,5.0,0.0,MLO,332.0
1974.0,6.0,22.0,6.0,0.0,MLO,332.2
1974.0,6.0,29.0,5.0,0.0,MLO,331.7
1974.0,7.0,6.0,6.0,0.0,MLO,331.7
1974.0,7.0,13.0,7.0,0.0,MLO,331.2
1974.0,7.0,20.0,5.0,0.0,MLO,330.4
1974.0,7.0,27.0,3.0,0.0,MLO,331.0
1974.0,8.0,3.0,6.0,0.0,MLO,330.0
1974.0,8.0,10.0,5.0,0.0,MLO,329.9
1974.0,8.0,17.0,6.0,0.0,MLO,329.2
1974.0,8.0,24.0,6.0,0.0,MLO,328.9
1974.0,8.0,31.0,7.0,0.0,MLO,328.1
1974.0,9.0,7.0,7.0,0.0,MLO,328.0
1974.0,9.0,14.0,7.0,0.0,MLO,327.3
1974.0,9.0,21.0,7.0,0.0,MLO,326.9
1974.0,9.0,28.0,7.0,0.0,MLO,327.3
1974.0,10.0,5.0,6.0,0.0,MLO,327.3
1974.0,10.0,12.0,6.0,0.0,MLO,327.0
1974.0,10.0,19.0,7.0,0.0,MLO,327.5
1974.0,10.0,26.0,7.0,0.0,MLO,327.7
1974.0,11.0,2.0,7.0,0.0,MLO,327.9
1974.0,11.0,9.0,7.0,0.0,MLO,328.0
1974.0,11.0,16.0,6.0,0.0,MLO,328.8
1974.0,11.0,23.0,6.0,0.0,MLO,328.6
1974.0,11.0,30.0,3.0,0.0,MLO,328.7
1974.0,12.0,7.0,2.0,0.0,MLO,329.5
1974.0,12.0,14.0,4.0,0.0,MLO,329.7
1974.0,12.0,21.0,7.0,0.0,MLO,329.8
1974.0,12.0,28.0,7.0,0.0,MLO,329.7
1975.0,1.0,4.0,4.0,0.0,MLO,329.9
1975.0,1.0,11.0,4.0,0.0,MLO,329.8
1975.0,1.0,18.0,4.0,0.0,MLO,330.2
1975.0,1.0,25.0,7.0,0.0,MLO,331.1
1975.0,2.0,1.0,6.0,0.0,MLO,331.1
1975.0,2.0,8.0,7.0,0.0,MLO,331.4
1975.0,2.0,15.0,7.0,0.0,MLO,331.0
1975.0,2.0,22.0,5.0,0.0,MLO,331.7
1975.0,3.0,1.0,7.0,0.0,MLO,331.8
1975.0,3.0,8.0,7.0,0.0,MLO,331.6
1975.0,3.0,15.0,7.0,0.0,MLO,331.9
1975.0,3.0,22.0,7.0,0.0,MLO,332.2
1975.0,3.0,29.0,6.0,0.0,MLO,332.5
1975.0,4.0,5.0,7.0,0.0,MLO,333.0
1975.0,4.0,12.0,6.0,0.0,MLO,333.5
1975.0,4.0,19.0,7.0,0.0,MLO,333.5
1975.0,4.0,26.0,7.0,0.0,MLO,333.1
1975.0,5.0,3.0,7.0,0.0,MLO,333.9
1975.0,5.0,10.0,7.0,0.0,MLO,333.9
1975.0,5.0,17.0,7.0,0.0,MLO,333.7
1975.0,5.0,24.0,7.0,0.0,MLO,333.7
1975.0,5.0,31.0,7.0,0.0,MLO,334.1
1975.0,6.0,7.0,7.0,0.0,MLO,333.8
1975.0,6.0,14.0,6.0,0.0,MLO,333.3
1975.0,6.0,21.0,7.0,0.0,MLO,333.4
1975.0,6.0,28.0,7.0,0.0,MLO,333.1
1975.0,7.0,5.0,5.0,0.0,MLO,332.7
1975.0,7.0,12.0,7.0,0.0,MLO,332.0
1975.0,7.0,19.0,5.0,0.0,MLO,331.0
1975.0,7.0,26.0,6.0,0.0,MLO,331.5
1975.0,8.0,2.0,7.0,0.0,MLO,330.8
1975.0,8.0,9.0,7.0,0.0,MLO,330.7
1975.0,8.0,16.0,5.0,0.0,MLO,330.3
1975.0,8.0,23.0,6.0,0.0,MLO,329.3
1975.0,8.0,30.0,6.0,0.0,MLO,328.8
1975.0,9.0,6.0,6.0,0.0,MLO,329.4
1975.0,9.0,13.0,6.0,0.0,MLO,328.5
1975.0,9.0,20.0,7.0,0.0,MLO,328.0
1975.0,9.0,27.0,6.0,0.0,MLO,328.2
1975.0,10.0,4.0,6.0,0.0,MLO,328.0
1975.0,10.0,11.0,5.0,0.0,MLO,328.0
1975.0,10.0,18.0,6.0,0.0,MLO,328.5
1975.0,10.0,25.0,6.0,0.0,MLO,328.8
1975.0,11.0,1.0,4.0,0.0,MLO,329.3
1975.0,11.0,8.0,6.0,0.0,MLO,329.2
1975.0,11.0,15.0,5.0,0.0,MLO,329.1
1975.0,11.0,22.0,3.0,0.0,MLO,329.5
1975.0,11.0,29.0,5.0,0.0,MLO,330.1
1975.0,12.0,6.0,7.0,0.0,MLO,330.3
1975.0,12.0,13.0,7.0,0.0,MLO,330.5
1975.0,12.0,20.0,5.0,0.0,MLO,331.1
1975.0,12.0,27.0,5.0,0.0,MLO,331.2
1976.0,1.0,3.0,7.0,0.0,MLO,331.5
1976.0,1.0,10.0,7.0,0.0,MLO,331.5
1976.0,1.0,17.0,7.0,0.0,MLO,331.7
1976.0,1.0,24.0,7.0,0.0,MLO,331.8
1976.0,1.0,31.0,5.0,0.0,MLO,332.2
1976.0,2.0,7.0,6.0,0.0,MLO,332.1
1976.0,2.0,14.0,7.0,0.0,MLO,332.5
1976.0,2.0,21.0,6.0,0.0,MLO,333.2
1976.0,2.0,28.0,5.0,0.0,MLO,332.4
1976.0,3.0,6.0,7.0,0.0,MLO,332.8
1976.0,3.0,13.0,7.0,0.0,MLO,333.6
1976.0,3.0,20.0,3.0,0.0,MLO,333.1
1976.0,3.0,27.0,7.0,0.0,MLO,334.3
1976.0,4.0,3.0,7.0,0.0,MLO,334.7
1976.0,4.0,10.0,6.0,0.0,MLO,334.2
1976.0,4.0,17.0,6.0,0.0,MLO,334.4
1976.0,4.0,24.0,6.0,0.0,MLO,334.5
1976.0,5.0,1.0,6.0,0.0,MLO,334.7
1976.0,5.0,8.0,5.0,0.0,MLO,334.3
1976.0,5.0,15.0,7.0,0.0,MLO,334.6
1976.0,5.0,22.0,6.0,0.0,MLO,335.4
1976.0,5.0,29.0,7.0,0.0,MLO,334.8
1976.0,6.0,5.0,7.0,0.0,MLO,334.3
1976.0,6.0,12.0,7.0,0.0,MLO,334.6
1976.0,6.0,19.0,6.0,0.0,MLO,334.3
1976.0,7.0,3.0,6.0,0.0,MLO,333.6
1976.0,7.0,10.0,6.0,0.0,MLO,333.4
1976.0,7.0,17.0,4.0,0.0,MLO,332.8
1976.0,7.0,24.0,7.0,0.0,MLO,332.4
1976.0,7.0,31.0,6.0,0.0,MLO,332.1
1976.0,8.0,7.0,6.0,0.0,MLO,331.7
1976.0,8.0,14.0,6.0,0.0,MLO,330.6
1976.0,8.0,21.0,5.0,0.0,MLO,330.6
1976.0,8.0,28.0,1.0,0.0,MLO,330.0
1976.0,9.0,4.0,5.0,0.0,MLO,329.7
1976.0,9.0,11.0,4.0,0.0,MLO,330.0
1976.0,9.0,18.0,7.0,0.0,MLO,329.3
1976.0,9.0,25.0,5.0,0.0,MLO,328.4
1976.0,10.0,2.0,4.0,0.0,MLO,328.8
1976.0,10.0,9.0,4.0,0.0,MLO,329.0
1976.0,10.0,16.0,3.0,0.0,MLO,329.6
1976.0,10.0,23.0,6.0,0.0,MLO,329.1
1976.0,10.0,30.0,7.0,0.0,MLO,329.0
1976.0,11.0,6.0,5.0,0.0,MLO,329.8
1976.0,11.0,13.0,5.0,0.0,MLO,330.4
1976.0,11.0,20.0,7.0,0.0,MLO,330.5
1976.0,11.0,27.0,7.0,0.0,MLO,330.7
1976.0,12.0,4.0,7.0,0.0,MLO,331.1
1976.0,12.0,11.0,6.0,0.0,MLO,331.3
1976.0,12.0,18.0,6.0,0.0,MLO,331.9
1976.0,12.0,25.0,7.0,0.0,MLO,332.2
1977.0,1.0,1.0,7.0,0.0,MLO,332.5
1977.0,1.0,8.0,7.0,0.0,MLO,332.4
1977.0,1.0,15.0,5.0,0.0,MLO,333.1
1977.0,1.0,22.0,7.0,0.0,MLO,333.2
1977.0,1.0,29.0,5.0,0.0,MLO,333.2
1977.0,2.0,5.0,5.0,0.0,MLO,333.4
1977.0,2.0,12.0,6.0,0.0,MLO,333.3
1977.0,2.0,19.0,7.0,0.0,MLO,333.4
1977.0,2.0,26.0,7.0,0.0,MLO,333.6
1977.0,3.0,5.0,6.0,0.0,MLO,334.1
1977.0,3.0,12.0,7.0,0.0,MLO,334.6
1977.0,3.0,19.0,7.0,0.0,MLO,335.1
1977.0,3.0,26.0,7.0,0.0,MLO,335.0
1977.0,4.0,2.0,7.0,0.0,MLO,335.5
1977.0,4.0,9.0,7.0,0.0,MLO,335.9
1977.0,4.0,16.0,7.0,0.0,MLO,336.0
1977.0,4.0,23.0,7.0,0.0,MLO,336.1
1977.0,4.0,30.0,7.0,0.0,MLO,336.7
1977.0,5.0,7.0,7.0,0.0,MLO,336.8
1977.0,5.0,14.0,7.0,0.0,MLO,336.4
1977.0,5.0,21.0,7.0,0.0,MLO,336.8
1977.0,5.0,28.0,7.0,0.0,MLO,336.7
1977.0,6.0,4.0,7.0,0.0,MLO,336.4
1977.0,6.0,11.0,6.0,0.0,MLO,336.3
1977.0,6.0,18.0,7.0,0.0,MLO,336.1
1977.0,6.0,25.0,7.0,0.0,MLO,336.0
1977.0,7.0,2.0,6.0,0.0,MLO,335.5
1977.0,7.0,9.0,6.0,0.0,MLO,335.1
1977.0,7.0,16.0,4.0,0.0,MLO,335.1
1977.0,7.0,23.0,5.0,0.0,MLO,334.6
1977.0,7.0,30.0,3.0,0.0,MLO,333.7
1977.0,8.0,6.0,7.0,0.0,MLO,333.0
1977.0,8.0,13.0,2.0,0.0,MLO,332.9
1977.0,8.0,20.0,1.0,0.0,MLO,332.8
1977.0,8.0,27.0,2.0,0.0,MLO,332.8
1977.0,9.0,3.0,3.0,0.0,MLO,332.1
1977.0,9.0,10.0,1.0,0.0,MLO,331.2
1977.0,9.0,17.0,2.0,0.0,MLO,332.1
1977.0,9.0,24.0,2.0,0.0,MLO,330.9
1977.0,10.0,1.0,3.0,0.0,MLO,330.4
1977.0,10.0,8.0,5.0,0.0,MLO,330.9
1977.0,10.0,15.0,4.0,0.0,MLO,331.5
1977.0,10.0,22.0,1.0,0.0,MLO,331.5
1977.0,10.0,29.0,2.0,0.0,MLO,331.7
1977.0,11.0,5.0,4.0,0.0,MLO,332.1
1977.0,11.0,12.0,2.0,0.0,MLO,332.0
1977.0,11.0,19.0,2.0,0.0,MLO,332.5
1977.0,11.0,26.0,5.0,0.0,MLO,332.8
1977.0,12.0,3.0,6.0,0.0,MLO,333.2
1977.0,12.0,10.0,6.0,0.0,MLO,333.5
1977.0,12.0,17.0,7.0,0.0,MLO,333.8
1977.0,12.0,24.0,6.0,0.0,MLO,334.2
1977.0,12.0,31.0,7.0,0.0,MLO,334.6
1978.0,1.0,7.0,7.0,0.0,MLO,334.2
1978.0,1.0,14.0,7.0,0.0,MLO,334.6
1978.0,1.0,21.0,7.0,0.0,MLO,335.4
1978.0,1.0,28.0,5.0,0.0,MLO,335.9
1978.0,2.0,4.0,7.0,0.0,MLO,335.0
1978.0,2.0,11.0,6.0,0.0,MLO,335.1
1978.0,2.0,18.0,7.0,0.0,MLO,335.6
1978.0,2.0,25.0,7.0,0.0,MLO,335.7
1978.0,3.0,4.0,7.0,0.0,MLO,336.2
1978.0,3.0,11.0,7.0,0.0,MLO,336.1
1978.0,3.0,18.0,5.0,0.0,MLO,336.8
1978.0,3.0,25.0,7.0,0.0,MLO,337.3
1978.0,4.0,1.0,4.0,0.0,MLO,337.0
1978.0,4.0,8.0,6.0,0.0,MLO,337.9
1978.0,4.0,15.0,6.0,0.0,MLO,337.9
1978.0,4.0,22.0,5.0,0.0,MLO,337.4
1978.0,4.0,29.0,7.0,0.0,MLO,338.0
1978.0,5.0,6.0,6.0,0.0,MLO,338.0
1978.0,5.0,13.0,7.0,0.0,MLO,338.1
1978.0,5.0,20.0,7.0,0.0,MLO,337.8
1978.0,5.0,27.0,7.0,0.0,MLO,337.9
1978.0,6.0,3.0,1.0,0.0,MLO,338.4
1978.0,6.0,10.0,2.0,0.0,MLO,338.2
1978.0,6.0,17.0,4.0,0.0,MLO,337.8
1978.0,6.0,24.0,5.0,0.0,MLO,337.3
1978.0,7.0,1.0,2.0,0.0,MLO,337.6
1978.0,7.0,8.0,6.0,0.0,MLO,336.7
1978.0,7.0,15.0,7.0,0.0,MLO,336.7
1978.0,7.0,22.0,7.0,0.0,MLO,335.9
1978.0,7.0,29.0,6.0,0.0,MLO,335.6
1978.0,8.0,5.0,7.0,0.0,MLO,335.1
1978.0,8.0,12.0,7.0,0.0,MLO,334.8
1978.0,8.0,19.0,2.0,0.0,MLO,334.4
1978.0,8.0,26.0,4.0,0.0,MLO,334.3
1978.0,9.0,2.0,4.0,0.0,MLO,333.8
1978.0,9.0,9.0,4.0,0.0,MLO,332.8
1978.0,9.0,16.0,5.0,0.0,MLO,332.1
1978.0,9.0,23.0,3.0,0.0,MLO,332.3
1978.0,9.0,30.0,6.0,0.0,MLO,332.7
1978.0,10.0,7.0,5.0,0.0,MLO,332.1
1978.0,10.0,14.0,4.0,0.0,MLO,332.4
1978.0,10.0,21.0,4.0,0.0,MLO,333.0
1978.0,10.0,28.0,3.0,0.0,MLO,333.1
1978.0,11.0,4.0,6.0,0.0,MLO,333.5
1978.0,11.0,11.0,5.0,0.0,MLO,333.8
1978.0,11.0,18.0,4.0,0.0,MLO,333.8
1978.0,11.0,25.0,5.0,0.0,MLO,334.2
1978.0,12.0,2.0,2.0,0.0,MLO,334.5
1978.0,12.0,9.0,6.0,0.0,MLO,334.8
1978.0,12.0,16.0,6.0,0.0,MLO,335.1
1978.0,12.0,23.0,6.0,0.0,MLO,335.1
1978.0,12.0,30.0,7.0,0.0,MLO,335.3
1979.0,1.0,6.0,7.0,0.0,MLO,335.3
1979.0,1.0,13.0,6.0,0.0,MLO,335.9
1979.0,1.0,20.0,7.0,0.0,MLO,336.8
1979.0,1.0,27.0,5.0,0.0,MLO,336.9
1979.0,2.0,3.0,6.0,0.0,MLO,336.9
1979.0,2.0,10.0,5.0,0.0,MLO,336.5
1979.0,2.0,17.0,7.0,0.0,MLO,336.7
1979.0,2.0,24.0,7.0,0.0,MLO,336.7
1979.0,3.0,3.0,6.0,0.0,MLO,337.1
1979.0,3.0,10.0,5.0,0.0,MLO,337.7
1979.0,3.0,17.0,4.0,0.0,MLO,337.4
1979.0,3.0,24.0,5.0,0.0,MLO,339.0
1979.0,3.0,31.0,7.0,0.0,MLO,338.8
1979.0,4.0,7.0,4.0,0.0,MLO,338.1
1979.0,4.0,14.0,7.0,0.0,MLO,338.6
1979.0,4.0,21.0,7.0,0.0,MLO,339.2
1979.0,4.0,28.0,6.0,0.0,MLO,339.6
1979.0,5.0,5.0,7.0,0.0,MLO,339.3
1979.0,5.0,12.0,5.0,0.0,MLO,338.8
1979.0,5.0,19.0,5.0,0.0,MLO,339.8
1979.0,5.0,26.0,7.0,0.0,MLO,339.6
1979.0,6.0,2.0,4.0,0.0,MLO,339.9
1979.0,6.0,9.0,6.0,0.0,MLO,339.5
1979.0,6.0,16.0,5.0,0.0,MLO,338.9
1979.0,6.0,23.0,5.0,0.0,MLO,338.9
1979.0,6.0,30.0,2.0,0.0,MLO,339.0
1979.0,7.0,7.0,4.0,0.0,MLO,338.2
1979.0,7.0,14.0,6.0,0.0,MLO,337.8
1979.0,7.0,21.0,6.0,0.0,MLO,337.3
1979.0,7.0,28.0,5.0,0.0,MLO,336.8
1979.0,8.0,4.0,5.0,0.0,MLO,337.0
1979.0,8.0,11.0,7.0,0.0,MLO,336.5
1979.0,8.0,18.0,6.0,0.0,MLO,336.1
1979.0,8.0,25.0,5.0,0.0,MLO,334.5
1979.0,9.0,1.0,7.0,0.0,MLO,334.4
1979.0,9.0,8.0,3.0,0.0,MLO,334.0
1979.0,9.0,15.0,4.0,0.0,MLO,334.2
1979.0,9.0,22.0,5.0,0.0,MLO,333.2
1979.0,9.0,29.0,5.0,0.0,MLO,334.1
1979.0,10.0,6.0,4.0,0.0,MLO,334.1
1979.0,10.0,13.0,6.0,0.0,MLO,333.9
1979.0,10.0,20.0,7.0,0.0,MLO,333.7
1979.0,10.0,27.0,5.0,0.0,MLO,334.1
1979.0,11.0,3.0,6.0,0.0,MLO,334.7
1979.0,11.0,10.0,6.0,0.0,MLO,334.8
1979.0,11.0,17.0,6.0,0.0,MLO,335.5
1979.0,11.0,24.0,5.0,0.0,MLO,335.6
1979.0,12.0,1.0,6.0,0.0,MLO,335.9
1979.0,12.0,8.0,4.0,0.0,MLO,336.5
1979.0,12.0,15.0,6.0,0.0,MLO,336.7
1979.0,12.0,22.0,6.0,0.0,MLO,336.8
1979.0,12.0,29.0,7.0,0.0,MLO,337.4
1980.0,1.0,5.0,7.0,0.0,MLO,337.6
1980.0,1.0,12.0,6.0,0.0,MLO,337.4
1980.0,1.0,19.0,7.0,0.0,MLO,338.3
1980.0,1.0,26.0,7.0,0.0,MLO,338.4
1980.0,2.0,2.0,6.0,0.0,MLO,338.0
1980.0,2.0,9.0,5.0,0.0,MLO,338.1
1980.0,2.0,16.0,7.0,0.0,MLO,338.6
1980.0,2.0,23.0,6.0,0.0,MLO,338.2
1980.0,3.0,1.0,6.0,0.0,MLO,339.3
1980.0,3.0,8.0,6.0,0.0,MLO,339.5
1980.0,3.0,15.0,6.0,0.0,MLO,340.0
1980.0,3.0,22.0,6.0,0.0,MLO,340.5
1980.0,3.0,29.0,7.0,0.0,MLO,341.0
1980.0,4.0,5.0,4.0,0.0,MLO,340.4
1980.0,4.0,12.0,4.0,0.0,MLO,340.9
1980.0,4.0,19.0,6.0,0.0,MLO,340.7
1980.0,4.0,26.0,6.0,0.0,MLO,341.0
1980.0,5.0,3.0,5.0,0.0,MLO,341.5
1980.0,5.0,10.0,6.0,0.0,MLO,341.3
1980.0,5.0,17.0,5.0,0.0,MLO,341.3
1980.0,5.0,24.0,5.0,0.0,MLO,340.9
1980.0,5.0,31.0,7.0,0.0,MLO,341.7
1980.0,6.0,7.0,3.0,0.0,MLO,341.3
1980.0,6.0,14.0,7.0,0.0,MLO,341.3
1980.0,6.0,21.0,6.0,0.0,MLO,340.8
1980.0,6.0,28.0,3.0,0.0,MLO,340.4
1980.0,7.0,5.0,6.0,0.0,MLO,340.4
1980.0,7.0,12.0,5.0,0.0,MLO,339.7
1980.0,7.0,19.0,3.0,0.0,MLO,338.5
1980.0,7.0,26.0,6.0,0.0,MLO,338.9
1980.0,8.0,2.0,6.0,0.0,MLO,337.9
1980.0,8.0,9.0,5.0,0.0,MLO,337.7
1980.0,8.0,16.0,4.0,0.0,MLO,337.7
1980.0,8.0,23.0,3.0,0.0,MLO,337.7
1980.0,8.0,30.0,3.0,0.0,MLO,337.0
1980.0,9.0,6.0,4.0,0.0,MLO,336.6
1980.0,9.0,13.0,4.0,0.0,MLO,335.7
1980.0,9.0,20.0,5.0,0.0,MLO,335.2
1980.0,9.0,27.0,4.0,0.0,MLO,336.0
1980.0,10.0,4.0,4.0,0.0,MLO,335.8
1980.0,10.0,11.0,7.0,0.0,MLO,335.8
1980.0,10.0,18.0,7.0,0.0,MLO,336.1
1980.0,10.0,25.0,5.0,0.0,MLO,336.4
1980.0,11.0,1.0,7.0,0.0,MLO,336.6
1980.0,11.0,8.0,7.0,0.0,MLO,336.9
1980.0,11.0,15.0,6.0,0.0,MLO,337.1
1980.0,11.0,22.0,7.0,0.0,MLO,337.3
1980.0,11.0,29.0,7.0,0.0,MLO,337.4
1980.0,12.0,6.0,4.0,0.0,MLO,337.7
1980.0,12.0,13.0,7.0,0.0,MLO,338.1
1980.0,12.0,20.0,7.0,0.0,MLO,338.3
1980.0,12.0,27.0,7.0,0.0,MLO,338.7
1981.0,1.0,3.0,7.0,0.0,MLO,338.9
1981.0,1.0,10.0,7.0,0.0,MLO,339.1
1981.0,1.0,17.0,7.0,0.0,MLO,339.3
1981.0,1.0,24.0,7.0,0.0,MLO,339.3
1981.0,1.0,31.0,6.0,0.0,MLO,339.5
1981.0,2.0,7.0,7.0,0.0,MLO,340.5
1981.0,2.0,14.0,4.0,0.0,MLO,340.0
1981.0,2.0,21.0,5.0,0.0,MLO,340.2
1981.0,2.0,28.0,6.0,0.0,MLO,341.1
1981.0,3.0,7.0,4.0,0.0,MLO,340.7
1981.0,3.0,14.0,6.0,0.0,MLO,341.0
1981.0,3.0,21.0,5.0,0.0,MLO,341.8
1981.0,3.0,28.0,6.0,0.0,MLO,342.1
1981.0,4.0,4.0,5.0,0.0,MLO,342.4
1981.0,4.0,11.0,6.0,0.0,MLO,342.4
1981.0,4.0,18.0,7.0,0.0,MLO,342.7
1981.0,4.0,25.0,7.0,0.0,MLO,342.3
1981.0,5.0,2.0,7.0,0.0,MLO,342.9
1981.0,5.0,9.0,7.0,0.0,MLO,343.0
1981.0,5.0,16.0,7.0,0.0,MLO,342.8
1981.0,5.0,23.0,7.0,0.0,MLO,342.7
1981.0,5.0,30.0,7.0,0.0,MLO,342.7
1981.0,6.0,6.0,7.0,0.0,MLO,342.6
1981.0,6.0,13.0,7.0,0.0,MLO,342.5
1981.0,6.0,20.0,7.0,0.0,MLO,341.8
1981.0,6.0,27.0,5.0,0.0,MLO,341.6
1981.0,7.0,4.0,5.0,0.0,MLO,341.0
1981.0,7.0,11.0,7.0,0.0,MLO,340.8
1981.0,7.0,18.0,4.0,0.0,MLO,339.7
1981.0,7.0,25.0,4.0,0.0,MLO,340.2
1981.0,8.0,1.0,5.0,0.0,MLO,339.5
1981.0,8.0,8.0,5.0,0.0,MLO,338.9
1981.0,8.0,15.0,6.0,0.0,MLO,338.4
1981.0,8.0,22.0,5.0,0.0,MLO,337.5
1981.0,8.0,29.0,4.0,0.0,MLO,337.7
1981.0,9.0,5.0,7.0,0.0,MLO,337.2
1981.0,9.0,12.0,3.0,0.0,MLO,337.0
1981.0,9.0,19.0,7.0,0.0,MLO,336.7
1981.0,9.0,26.0,5.0,0.0,MLO,335.9
1981.0,10.0,3.0,6.0,0.0,MLO,336.3
1981.0,10.0,10.0,4.0,0.0,MLO,336.6
1981.0,10.0,17.0,7.0,0.0,MLO,337.1
1981.0,10.0,24.0,5.0,0.0,MLO,337.2
1981.0,10.0,31.0,6.0,0.0,MLO,337.5
1981.0,11.0,7.0,6.0,0.0,MLO,337.8
1981.0,11.0,14.0,6.0,0.0,MLO,338.1
1981.0,11.0,21.0,4.0,0.0,MLO,338.5
1981.0,11.0,28.0,6.0,0.0,MLO,339.3
1981.0,12.0,5.0,5.0,0.0,MLO,339.2
1981.0,12.0,12.0,7.0,0.0,MLO,339.4
1981.0,12.0,19.0,6.0,0.0,MLO,339.6
1981.0,12.0,26.0,4.0,0.0,MLO,340.2
1982.0,1.0,2.0,5.0,0.0,MLO,340.2
1982.0,1.0,9.0,7.0,0.0,MLO,340.3
1982.0,1.0,16.0,5.0,0.0,MLO,340.7
1982.0,1.0,23.0,6.0,0.0,MLO,341.1
1982.0,1.0,30.0,7.0,0.0,MLO,341.2
1982.0,2.0,6.0,7.0,0.0,MLO,341.9
1982.0,2.0,13.0,6.0,0.0,MLO,341.1
1982.0,2.0,20.0,4.0,0.0,MLO,341.1
1982.0,2.0,27.0,5.0,0.0,MLO,342.1
1982.0,3.0,6.0,6.0,0.0,MLO,342.6
1982.0,3.0,13.0,4.0,0.0,MLO,342.6
1982.0,3.0,20.0,1.0,0.0,MLO,342.7
1982.0,3.0,27.0,4.0,0.0,MLO,342.8
1982.0,4.0,3.0,6.0,0.0,MLO,342.9
1982.0,4.0,10.0,6.0,0.0,MLO,343.3
1982.0,4.0,17.0,6.0,0.0,MLO,343.5
1982.0,4.0,24.0,5.0,0.0,MLO,344.2
1982.0,5.0,1.0,4.0,0.0,MLO,343.8
1982.0,5.0,8.0,1.0,0.0,MLO,343.6
1982.0,5.0,15.0,3.0,0.0,MLO,344.2
1982.0,5.0,22.0,6.0,0.0,MLO,344.1
1982.0,5.0,29.0,6.0,0.0,MLO,344.1
1982.0,6.0,5.0,6.0,0.0,MLO,343.4
1982.0,6.0,12.0,7.0,0.0,MLO,343.5
1982.0,6.0,19.0,3.0,0.0,MLO,343.4
1982.0,6.0,26.0,4.0,0.0,MLO,342.9
1982.0,7.0,3.0,7.0,0.0,MLO,342.5
1982.0,7.0,10.0,6.0,0.0,MLO,342.0
1982.0,7.0,17.0,5.0,0.0,MLO,342.0
1982.0,7.0,24.0,4.0,0.0,MLO,341.8
1982.0,7.0,31.0,6.0,0.0,MLO,341.3
1982.0,8.0,7.0,6.0,0.0,MLO,340.5
1982.0,8.0,14.0,6.0,0.0,MLO,340.0
1982.0,8.0,21.0,3.0,0.0,MLO,339.7
1982.0,8.0,28.0,5.0,0.0,MLO,338.3
1982.0,9.0,4.0,5.0,0.0,MLO,338.8
1982.0,9.0,11.0,6.0,0.0,MLO,338.6
1982.0,9.0,18.0,2.0,0.0,MLO,337.8
1982.0,9.0,25.0,6.0,0.0,MLO,336.9
1982.0,10.0,2.0,4.0,0.0,MLO,337.3
1982.0,10.0,9.0,5.0,0.0,MLO,338.0
1982.0,10.0,16.0,4.0,0.0,MLO,337.6
1982.0,10.0,23.0,4.0,0.0,MLO,337.9
1982.0,10.0,30.0,5.0,0.0,MLO,338.7
1982.0,11.0,6.0,5.0,0.0,MLO,338.4
1982.0,11.0,13.0,6.0,0.0,MLO,339.2
1982.0,11.0,20.0,6.0,0.0,MLO,339.7
1982.0,11.0,27.0,4.0,0.0,MLO,339.8
1982.0,12.0,4.0,6.0,0.0,MLO,339.8
1982.0,12.0,11.0,5.0,0.0,MLO,340.4
1982.0,12.0,18.0,7.0,0.0,MLO,340.7
1982.0,12.0,25.0,5.0,0.0,MLO,340.8
1983.0,1.0,1.0,5.0,0.0,MLO,340.9
1983.0,1.0,8.0,5.0,0.0,MLO,341.4
1983.0,1.0,15.0,6.0,0.0,MLO,341.5
1983.0,1.0,22.0,7.0,0.0,MLO,341.2
1983.0,1.0,29.0,7.0,0.0,MLO,341.7
1983.0,2.0,5.0,6.0,0.0,MLO,342.0
1983.0,2.0,12.0,7.0,0.0,MLO,342.7
1983.0,2.0,19.0,6.0,0.0,MLO,342.5
1983.0,2.0,26.0,6.0,0.0,MLO,342.8
1983.0,3.0,5.0,7.0,0.0,MLO,342.3
1983.0,3.0,12.0,7.0,0.0,MLO,342.5
1983.0,3.0,19.0,5.0,0.0,MLO,344.0
1983.0,3.0,26.0,5.0,0.0,MLO,343.8
1983.0,4.0,2.0,7.0,0.0,MLO,344.0
1983.0,4.0,9.0,6.0,0.0,MLO,344.8
1983.0,4.0,16.0,7.0,0.0,MLO,345.0
1983.0,4.0,23.0,7.0,0.0,MLO,345.3
1983.0,4.0,30.0,7.0,0.0,MLO,345.4
1983.0,5.0,7.0,5.0,0.0,MLO,345.4
1983.0,5.0,14.0,6.0,0.0,MLO,345.7
1983.0,5.0,21.0,6.0,0.0,MLO,345.8
1983.0,5.0,28.0,7.0,0.0,MLO,345.7
1983.0,6.0,4.0,5.0,0.0,MLO,345.6
1983.0,6.0,11.0,5.0,0.0,MLO,345.6
1983.0,6.0,18.0,7.0,0.0,MLO,345.0
1983.0,6.0,25.0,6.0,0.0,MLO,344.9
1983.0,7.0,2.0,6.0,0.0,MLO,344.7
1983.0,7.0,9.0,4.0,0.0,MLO,344.5
1983.0,7.0,16.0,3.0,0.0,MLO,343.7
1983.0,7.0,23.0,6.0,0.0,MLO,343.6
1983.0,7.0,30.0,4.0,0.0,MLO,342.6
1983.0,8.0,6.0,5.0,0.0,MLO,343.0
1983.0,8.0,13.0,2.0,0.0,MLO,341.7
1983.0,8.0,20.0,3.0,0.0,MLO,342.1
1983.0,8.0,27.0,6.0,0.0,MLO,341.8
1983.0,9.0,3.0,3.0,0.0,MLO,339.9
1983.0,9.0,10.0,5.0,0.0,MLO,339.9
1983.0,9.0,17.0,5.0,0.0,MLO,339.8
1983.0,9.0,24.0,4.0,0.0,MLO,339.9
1983.0,10.0,1.0,6.0,0.0,MLO,339.8
1983.0,10.0,8.0,7.0,0.0,MLO,339.7
1983.0,10.0,15.0,6.0,0.0,MLO,340.1
1983.0,10.0,22.0,6.0,0.0,MLO,340.2
1983.0,10.0,29.0,7.0,0.0,MLO,340.3
1983.0,11.0,5.0,7.0,0.0,MLO,340.8
1983.0,11.0,12.0,7.0,0.0,MLO,341.0
1983.0,11.0,19.0,6.0,0.0,MLO,341.1
1983.0,11.0,26.0,7.0,0.0,MLO,341.7
1983.0,12.0,3.0,6.0,0.0,MLO,341.8
1983.0,12.0,10.0,2.0,0.0,MLO,342.8
1983.0,12.0,17.0,7.0,0.0,MLO,343.3
1983.0,12.0,24.0,7.0,0.0,MLO,343.6
1983.0,12.0,31.0,7.0,0.0,MLO,343.4
1984.0,1.0,7.0,7.0,0.0,MLO,343.7
1984.0,1.0,14.0,5.0,0.0,MLO,343.4
1984.0,1.0,21.0,5.0,0.0,MLO,343.5
1984.0,1.0,28.0,5.0,0.0,MLO,344.1
1984.0,2.0,4.0,5.0,0.0,MLO,344.3
1984.0,2.0,11.0,7.0,0.0,MLO,344.5
1984.0,2.0,18.0,5.0,0.0,MLO,344.3
1984.0,2.0,25.0,6.0,0.0,MLO,344.6
1984.0,3.0,3.0,7.0,0.0,MLO,344.8
1984.0,3.0,10.0,6.0,0.0,MLO,344.9
1984.0,3.0,17.0,6.0,0.0,MLO,345.4
1984.0,3.0,24.0,5.0,0.0,MLO,345.6
1984.0,4.0,28.0,2.0,0.0,MLO,347.4
1984.0,5.0,5.0,6.0,0.0,MLO,347.4
1984.0,5.0,12.0,3.0,0.0,MLO,347.7
1984.0,5.0,19.0,5.0,0.0,MLO,347.3
1984.0,5.0,26.0,5.0,0.0,MLO,347.0
1984.0,6.0,2.0,5.0,0.0,MLO,347.0
1984.0,6.0,9.0,6.0,0.0,MLO,347.0
1984.0,6.0,16.0,3.0,0.0,MLO,346.8
1984.0,6.0,23.0,5.0,0.0,MLO,346.3
1984.0,6.0,30.0,6.0,0.0,MLO,346.2
1984.0,7.0,7.0,4.0,0.0,MLO,345.8
1984.0,7.0,14.0,5.0,0.0,MLO,345.4
1984.0,7.0,21.0,3.0,0.0,MLO,345.2
1984.0,7.0,28.0,6.0,0.0,MLO,344.4
1984.0,8.0,4.0,2.0,0.0,MLO,344.0
1984.0,8.0,11.0,2.0,0.0,MLO,344.1
1984.0,8.0,18.0,5.0,0.0,MLO,343.1
1984.0,8.0,25.0,3.0,0.0,MLO,342.0
1984.0,9.0,1.0,3.0,0.0,MLO,341.6
1984.0,9.0,8.0,6.0,0.0,MLO,340.6
1984.0,9.0,15.0,6.0,0.0,MLO,341.3
1984.0,9.0,22.0,6.0,0.0,MLO,341.3
1984.0,9.0,29.0,3.0,0.0,MLO,340.8
1984.0,10.0,6.0,5.0,0.0,MLO,341.1
1984.0,10.0,13.0,4.0,0.0,MLO,341.3
1984.0,10.0,20.0,1.0,0.0,MLO,341.9
1984.0,10.0,27.0,5.0,0.0,MLO,341.6
1984.0,11.0,3.0,5.0,0.0,MLO,342.0
1984.0,11.0,10.0,6.0,0.0,MLO,342.6
1984.0,11.0,17.0,6.0,0.0,MLO,343.1
1984.0,11.0,24.0,6.0,0.0,MLO,343.7
1984.0,12.0,1.0,4.0,0.0,MLO,343.6
1984.0,12.0,8.0,6.0,0.0,MLO,343.9
1984.0,12.0,15.0,4.0,0.0,MLO,344.2
1984.0,12.0,22.0,5.0,0.0,MLO,344.5
1984.0,12.0,29.0,3.0,0.0,MLO,344.5
1985.0,1.0,5.0,7.0,0.0,MLO,344.7
1985.0,1.0,12.0,6.0,0.0,MLO,345.0
1985.0,1.0,19.0,7.0,0.0,MLO,345.0
1985.0,1.0,26.0,5.0,0.0,MLO,345.0
1985.0,2.0,2.0,5.0,0.0,MLO,345.9
1985.0,2.0,9.0,4.0,0.0,MLO,345.5
1985.0,2.0,16.0,5.0,0.0,MLO,345.8
1985.0,2.0,23.0,5.0,0.0,MLO,346.3
1985.0,3.0,2.0,6.0,0.0,MLO,346.7
1985.0,3.0,9.0,6.0,0.0,MLO,347.1
1985.0,3.0,16.0,7.0,0.0,MLO,347.5
1985.0,3.0,23.0,4.0,0.0,MLO,347.7
1985.0,3.0,30.0,5.0,0.0,MLO,348.2
1985.0,4.0,6.0,7.0,0.0,MLO,348.0
1985.0,4.0,13.0,4.0,0.0,MLO,348.0
1985.0,4.0,20.0,5.0,0.0,MLO,348.5
1985.0,4.0,27.0,4.0,0.0,MLO,348.8
1985.0,5.0,4.0,5.0,0.0,MLO,348.8
1985.0,5.0,11.0,5.0,0.0,MLO,349.3
1985.0,5.0,18.0,7.0,0.0,MLO,349.1
1985.0,5.0,25.0,6.0,0.0,MLO,348.1
1985.0,6.0,1.0,4.0,0.0,MLO,349.0
1985.0,6.0,8.0,7.0,0.0,MLO,348.4
1985.0,6.0,15.0,3.0,0.0,MLO,348.2
1985.0,6.0,22.0,5.0,0.0,MLO,347.9
1985.0,6.0,29.0,6.0,0.0,MLO,347.4
1985.0,7.0,6.0,6.0,0.0,MLO,346.9
1985.0,7.0,13.0,5.0,0.0,MLO,346.8
1985.0,7.0,20.0,3.0,0.0,MLO,346.4
1985.0,7.0,27.0,6.0,0.0,MLO,345.7
1985.0,8.0,10.0,6.0,0.0,MLO,344.7
1985.0,8.0,17.0,3.0,0.0,MLO,344.5
1985.0,8.0,24.0,5.0,0.0,MLO,344.3
1985.0,8.0,31.0,5.0,0.0,MLO,343.7
1985.0,9.0,7.0,5.0,0.0,MLO,344.2
1985.0,9.0,14.0,6.0,0.0,MLO,343.3
1985.0,9.0,21.0,5.0,0.0,MLO,342.4
1985.0,9.0,28.0,5.0,0.0,MLO,342.1
1985.0,10.0,5.0,4.0,0.0,MLO,342.4
1985.0,10.0,12.0,4.0,0.0,MLO,342.5
1985.0,10.0,19.0,7.0,0.0,MLO,343.1
1985.0,10.0,26.0,6.0,0.0,MLO,343.2
1985.0,11.0,2.0,5.0,0.0,MLO,343.3
1985.0,11.0,9.0,5.0,0.0,MLO,343.7
1985.0,11.0,16.0,7.0,0.0,MLO,344.2
1985.0,11.0,23.0,6.0,0.0,MLO,344.6
1985.0,11.0,30.0,6.0,0.0,MLO,345.3
1985.0,12.0,7.0,5.0,0.0,MLO,345.3
1985.0,12.0,14.0,6.0,0.0,MLO,345.6
1985.0,12.0,21.0,6.0,0.0,MLO,345.1
1985.0,12.0,28.0,7.0,0.0,MLO,346.3
1986.0,1.0,4.0,4.0,0.0,MLO,346.4
1986.0,1.0,11.0,7.0,0.0,MLO,346.0
1986.0,1.0,18.0,4.0,0.0,MLO,346.2
1986.0,1.0,25.0,7.0,0.0,MLO,346.4
1986.0,2.0,1.0,6.0,0.0,MLO,346.2
1986.0,2.0,8.0,6.0,0.0,MLO,346.8
1986.0,2.0,15.0,7.0,0.0,MLO,347.1
1986.0,2.0,22.0,7.0,0.0,MLO,347.2
1986.0,3.0,1.0,7.0,0.0,MLO,347.0
1986.0,3.0,8.0,3.0,0.0,MLO,346.6
1986.0,3.0,15.0,6.0,0.0,MLO,347.2
1986.0,3.0,22.0,6.0,0.0,MLO,349.1
1986.0,3.0,29.0,6.0,0.0,MLO,348.8
1986.0,4.0,5.0,7.0,0.0,MLO,349.2
1986.0,4.0,12.0,4.0,0.0,MLO,349.4
1986.0,4.0,19.0,6.0,0.0,MLO,349.3
1986.0,4.0,26.0,6.0,0.0,MLO,350.2
1986.0,5.0,3.0,4.0,0.0,MLO,349.9
1986.0,5.0,10.0,5.0,0.0,MLO,350.1
1986.0,5.0,17.0,5.0,0.0,MLO,350.2
1986.0,5.0,24.0,6.0,0.0,MLO,350.1
1986.0,5.0,31.0,6.0,0.0,MLO,350.1
1986.0,6.0,7.0,4.0,0.0,MLO,349.7
1986.0,6.0,14.0,6.0,0.0,MLO,349.5
1986.0,6.0,21.0,7.0,0.0,MLO,349.4
1986.0,6.0,28.0,7.0,0.0,MLO,348.9
1986.0,7.0,5.0,7.0,0.0,MLO,348.6
1986.0,7.0,12.0,5.0,0.0,MLO,347.7
1986.0,7.0,19.0,6.0,0.0,MLO,347.6
1986.0,7.0,26.0,6.0,0.0,MLO,347.4
1986.0,8.0,2.0,3.0,0.0,MLO,346.6
1986.0,8.0,9.0,5.0,0.0,MLO,346.2
1986.0,8.0,16.0,7.0,0.0,MLO,345.5
1986.0,8.0,23.0,5.0,0.0,MLO,345.6
1986.0,8.0,30.0,4.0,0.0,MLO,345.2
1986.0,9.0,6.0,4.0,0.0,MLO,345.0
1986.0,9.0,13.0,7.0,0.0,MLO,345.3
1986.0,9.0,20.0,5.0,0.0,MLO,344.4
1986.0,9.0,27.0,6.0,0.0,MLO,344.5
1986.0,10.0,4.0,7.0,0.0,MLO,343.9
1986.0,10.0,11.0,7.0,0.0,MLO,344.1
1986.0,10.0,18.0,3.0,0.0,MLO,343.9
1986.0,10.0,25.0,7.0,0.0,MLO,344.5
1986.0,11.0,1.0,6.0,0.0,MLO,345.1
1986.0,11.0,8.0,5.0,0.0,MLO,345.3
1986.0,11.0,15.0,7.0,0.0,MLO,345.6
1986.0,11.0,22.0,6.0,0.0,MLO,345.7
1986.0,11.0,29.0,7.0,0.0,MLO,346.4
1986.0,12.0,6.0,7.0,0.0,MLO,346.9
1986.0,12.0,13.0,7.0,0.0,MLO,346.7
1986.0,12.0,20.0,7.0,0.0,MLO,346.9
1986.0,12.0,27.0,6.0,0.0,MLO,347.0
1987.0,1.0,3.0,6.0,0.0,MLO,347.6
1987.0,1.0,10.0,6.0,0.0,MLO,348.3
1987.0,1.0,17.0,7.0,0.0,MLO,348.2
1987.0,1.0,24.0,5.0,0.0,MLO,347.9
1987.0,1.0,31.0,6.0,0.0,MLO,348.0
1987.0,2.0,7.0,7.0,0.0,MLO,347.9
1987.0,2.0,14.0,6.0,0.0,MLO,348.2
1987.0,2.0,21.0,7.0,0.0,MLO,348.5
1987.0,2.0,28.0,7.0,0.0,MLO,349.4
1987.0,3.0,7.0,7.0,0.0,MLO,348.8
1987.0,3.0,14.0,7.0,0.0,MLO,349.2
1987.0,3.0,21.0,7.0,0.0,MLO,349.7
1987.0,3.0,28.0,7.0,0.0,MLO,350.2
1987.0,4.0,4.0,6.0,0.0,MLO,350.8
1987.0,4.0,11.0,5.0,0.0,MLO,350.2
1987.0,4.0,18.0,7.0,0.0,MLO,351.1
1987.0,4.0,25.0,7.0,0.0,MLO,351.3
1987.0,5.0,2.0,6.0,0.0,MLO,351.4
1987.0,5.0,9.0,7.0,0.0,MLO,352.0
1987.0,5.0,16.0,7.0,0.0,MLO,351.7
1987.0,5.0,23.0,7.0,0.0,MLO,351.9
1987.0,5.0,30.0,7.0,0.0,MLO,351.7
1987.0,6.0,6.0,6.0,0.0,MLO,351.6
1987.0,6.0,13.0,7.0,0.0,MLO,351.1
1987.0,6.0,20.0,6.0,0.0,MLO,351.0
1987.0,6.0,27.0,5.0,0.0,MLO,350.9
1987.0,7.0,4.0,7.0,0.0,MLO,349.7
1987.0,7.0,11.0,7.0,0.0,MLO,349.8
1987.0,7.0,18.0,3.0,0.0,MLO,348.8
1987.0,7.0,25.0,5.0,0.0,MLO,349.5
1987.0,8.0,1.0,4.0,0.0,MLO,349.0
1987.0,8.0,8.0,2.0,0.0,MLO,348.1
1987.0,8.0,15.0,3.0,0.0,MLO,348.6
1987.0,8.0,22.0,5.0,0.0,MLO,348.0
1987.0,8.0,29.0,5.0,0.0,MLO,346.7
1987.0,9.0,5.0,4.0,0.0,MLO,347.0
1987.0,9.0,12.0,6.0,0.0,MLO,346.6
1987.0,9.0,19.0,6.0,0.0,MLO,346.2
1987.0,9.0,26.0,3.0,0.0,MLO,345.8
1987.0,10.0,3.0,4.0,0.0,MLO,345.7
1987.0,10.0,10.0,5.0,0.0,MLO,346.3
1987.0,10.0,17.0,5.0,0.0,MLO,346.5
1987.0,10.0,24.0,7.0,0.0,MLO,346.8
1987.0,10.0,31.0,6.0,0.0,MLO,346.9
1987.0,11.0,7.0,4.0,0.0,MLO,347.3
1987.0,11.0,14.0,7.0,0.0,MLO,347.6
1987.0,11.0,21.0,3.0,0.0,MLO,348.1
1987.0,11.0,28.0,3.0,0.0,MLO,348.7
1987.0,12.0,5.0,5.0,0.0,MLO,348.6
1987.0,12.0,12.0,5.0,0.0,MLO,348.8
1987.0,12.0,19.0,5.0,0.0,MLO,349.1
1987.0,12.0,26.0,5.0,0.0,MLO,349.2
1988.0,1.0,2.0,6.0,0.0,MLO,349.7
1988.0,1.0,9.0,7.0,0.0,MLO,350.2
1988.0,1.0,16.0,5.0,0.0,MLO,350.2
1988.0,1.0,23.0,5.0,0.0,MLO,350.7
1988.0,1.0,30.0,5.0,0.0,MLO,351.2
1988.0,2.0,6.0,4.0,0.0,MLO,351.8
1988.0,2.0,13.0,7.0,0.0,MLO,351.3
1988.0,2.0,20.0,6.0,0.0,MLO,351.5
1988.0,2.0,27.0,7.0,0.0,MLO,352.5
1988.0,3.0,5.0,6.0,0.0,MLO,352.8
1988.0,3.0,12.0,7.0,0.0,MLO,351.8
1988.0,3.0,19.0,4.0,0.0,MLO,351.7
1988.0,3.0,26.0,5.0,0.0,MLO,352.2
1988.0,4.0,2.0,6.0,0.0,MLO,353.1
1988.0,4.0,9.0,7.0,0.0,MLO,353.5
1988.0,4.0,16.0,7.0,0.0,MLO,353.1
1988.0,4.0,23.0,5.0,0.0,MLO,354.0
1988.0,4.0,30.0,4.0,0.0,MLO,354.2
1988.0,5.0,7.0,7.0,0.0,MLO,353.7
1988.0,5.0,14.0,5.0,0.0,MLO,354.3
1988.0,5.0,21.0,6.0,0.0,MLO,354.5
1988.0,5.0,28.0,6.0,0.0,MLO,354.2
1988.0,6.0,4.0,5.0,0.0,MLO,354.1
1988.0,6.0,11.0,6.0,0.0,MLO,354.2
1988.0,6.0,18.0,6.0,0.0,MLO,353.6
1988.0,6.0,25.0,7.0,0.0,MLO,353.1
1988.0,7.0,2.0,4.0,0.0,MLO,353.0
1988.0,7.0,9.0,4.0,0.0,MLO,352.5
1988.0,7.0,16.0,4.0,0.0,MLO,352.6
1988.0,7.0,23.0,5.0,0.0,MLO,351.9
1988.0,7.0,30.0,3.0,0.0,MLO,351.1
1988.0,8.0,6.0,5.0,0.0,MLO,350.9
1988.0,8.0,13.0,3.0,0.0,MLO,350.3
1988.0,8.0,20.0,4.0,0.0,MLO,350.4
1988.0,8.0,27.0,6.0,0.0,MLO,349.6
1988.0,9.0,3.0,5.0,0.0,MLO,349.3
1988.0,9.0,10.0,5.0,0.0,MLO,348.7
1988.0,9.0,17.0,5.0,0.0,MLO,348.9
1988.0,9.0,24.0,4.0,0.0,MLO,348.1
1988.0,10.0,1.0,4.0,0.0,MLO,348.8
1988.0,10.0,8.0,3.0,0.0,MLO,348.8
1988.0,10.0,15.0,7.0,0.0,MLO,348.6
1988.0,10.0,22.0,3.0,0.0,MLO,349.4
1988.0,10.0,29.0,5.0,0.0,MLO,349.2
1988.0,11.0,5.0,7.0,0.0,MLO,349.7
1988.0,11.0,12.0,7.0,0.0,MLO,349.8
1988.0,11.0,19.0,5.0,0.0,MLO,350.1
1988.0,11.0,26.0,7.0,0.0,MLO,350.4
1988.0,12.0,3.0,5.0,0.0,MLO,350.5
1988.0,12.0,10.0,5.0,0.0,MLO,351.0
1988.0,12.0,17.0,4.0,0.0,MLO,351.6
1988.0,12.0,24.0,6.0,0.0,MLO,351.3
1988.0,12.0,31.0,7.0,0.0,MLO,352.4
1989.0,1.0,7.0,7.0,0.0,MLO,352.7
1989.0,1.0,14.0,6.0,0.0,MLO,352.9
1989.0,1.0,21.0,7.0,0.0,MLO,352.5
1989.0,1.0,28.0,7.0,0.0,MLO,353.0
1989.0,2.0,4.0,5.0,0.0,MLO,352.8
1989.0,2.0,11.0,5.0,0.0,MLO,352.6
1989.0,2.0,18.0,6.0,0.0,MLO,353.2
1989.0,2.0,25.0,7.0,0.0,MLO,353.4
1989.0,3.0,4.0,7.0,0.0,MLO,353.1
1989.0,3.0,11.0,6.0,0.0,MLO,353.4
1989.0,3.0,18.0,6.0,0.0,MLO,353.5
1989.0,3.0,25.0,7.0,0.0,MLO,354.4
1989.0,4.0,1.0,7.0,0.0,MLO,354.5
1989.0,4.0,8.0,7.0,0.0,MLO,355.0
1989.0,4.0,15.0,4.0,0.0,MLO,355.4
1989.0,4.0,22.0,7.0,0.0,MLO,356.0
1989.0,4.0,29.0,6.0,0.0,MLO,355.9
1989.0,5.0,6.0,6.0,0.0,MLO,355.3
1989.0,5.0,13.0,5.0,0.0,MLO,355.8
1989.0,5.0,20.0,6.0,0.0,MLO,355.6
1989.0,5.0,27.0,4.0,0.0,MLO,355.7
1989.0,6.0,3.0,6.0,0.0,MLO,355.8
1989.0,6.0,10.0,6.0,0.0,MLO,355.0
1989.0,6.0,17.0,7.0,0.0,MLO,354.8
1989.0,6.0,24.0,5.0,0.0,MLO,354.9
1989.0,7.0,1.0,6.0,0.0,MLO,354.5
1989.0,7.0,8.0,4.0,0.0,MLO,354.7
1989.0,7.0,15.0,7.0,0.0,MLO,353.8
1989.0,7.0,22.0,6.0,0.0,MLO,353.1
1989.0,7.0,29.0,6.0,0.0,MLO,353.2
1989.0,8.0,5.0,6.0,0.0,MLO,352.6
1989.0,8.0,12.0,6.0,0.0,MLO,352.2
1989.0,8.0,19.0,5.0,0.0,MLO,351.1
1989.0,8.0,26.0,5.0,0.0,MLO,350.4
1989.0,9.0,2.0,7.0,0.0,MLO,350.7
1989.0,9.0,9.0,5.0,0.0,MLO,350.2
1989.0,9.0,16.0,6.0,0.0,MLO,349.4
1989.0,9.0,23.0,7.0,0.0,MLO,349.3
1989.0,9.0,30.0,1.0,0.0,MLO,349.7
1989.0,10.0,7.0,6.0,0.0,MLO,349.9
1989.0,10.0,14.0,6.0,0.0,MLO,349.7
1989.0,10.0,21.0,6.0,0.0,MLO,350.2
1989.0,10.0,28.0,7.0,0.0,MLO,350.4
1989.0,11.0,4.0,7.0,0.0,MLO,350.6
1989.0,11.0,11.0,6.0,0.0,MLO,351.2
1989.0,11.0,18.0,7.0,0.0,MLO,351.6
1989.0,11.0,25.0,5.0,0.0,MLO,351.4
1989.0,12.0,2.0,6.0,0.0,MLO,352.0
1989.0,12.0,9.0,4.0,0.0,MLO,352.1
1989.0,12.0,16.0,6.0,0.0,MLO,352.4
1989.0,12.0,23.0,5.0,0.0,MLO,352.5
1989.0,12.0,30.0,4.0,0.0,MLO,353.4
1990.0,1.0,6.0,7.0,0.0,MLO,353.4
1990.0,1.0,13.0,7.0,0.0,MLO,353.5
1990.0,1.0,20.0,7.0,0.0,MLO,353.8
1990.0,1.0,27.0,7.0,0.0,MLO,353.9
1990.0,2.0,3.0,7.0,0.0,MLO,354.1
1990.0,2.0,10.0,5.0,0.0,MLO,355.0
1990.0,2.0,17.0,7.0,0.0,MLO,354.8
1990.0,2.0,24.0,7.0,0.0,MLO,354.7
1990.0,3.0,3.0,3.0,0.0,MLO,355.7
1990.0,3.0,10.0,5.0,0.0,MLO,354.9
1990.0,3.0,17.0,7.0,0.0,MLO,355.8
1990.0,3.0,24.0,6.0,0.0,MLO,355.1
1990.0,3.0,31.0,6.0,0.0,MLO,355.9
1990.0,4.0,7.0,7.0,0.0,MLO,356.1
1990.0,4.0,14.0,7.0,0.0,MLO,355.9
1990.0,4.0,21.0,6.0,0.0,MLO,356.6
1990.0,4.0,28.0,4.0,0.0,MLO,356.1
1990.0,5.0,5.0,5.0,0.0,MLO,357.3
1990.0,5.0,12.0,5.0,0.0,MLO,357.0
1990.0,5.0,19.0,7.0,0.0,MLO,356.9
1990.0,5.0,26.0,6.0,0.0,MLO,357.1
1990.0,6.0,2.0,6.0,0.0,MLO,357.0
1990.0,6.0,9.0,7.0,0.0,MLO,356.6
1990.0,6.0,16.0,5.0,0.0,MLO,355.6
1990.0,6.0,23.0,7.0,0.0,MLO,355.5
1990.0,6.0,30.0,7.0,0.0,MLO,355.7
1990.0,7.0,7.0,7.0,0.0,MLO,355.5
1990.0,7.0,14.0,7.0,0.0,MLO,354.0
1990.0,7.0,21.0,6.0,0.0,MLO,354.5
1990.0,7.0,28.0,5.0,0.0,MLO,354.7
1990.0,8.0,4.0,5.0,0.0,MLO,353.5
1990.0,8.0,11.0,5.0,0.0,MLO,353.2
1990.0,8.0,18.0,7.0,0.0,MLO,352.9
1990.0,8.0,25.0,5.0,0.0,MLO,352.0
1990.0,9.0,1.0,4.0,0.0,MLO,350.9
1990.0,9.0,8.0,3.0,0.0,MLO,350.7
1990.0,9.0,15.0,6.0,0.0,MLO,351.3
1990.0,9.0,22.0,6.0,0.0,MLO,350.9
1990.0,9.0,29.0,3.0,0.0,MLO,350.9
1990.0,10.0,6.0,2.0,0.0,MLO,351.1
1990.0,10.0,13.0,7.0,0.0,MLO,351.0
1990.0,10.0,20.0,4.0,0.0,MLO,351.4
1990.0,10.0,27.0,3.0,0.0,MLO,351.4
1990.0,11.0,3.0,5.0,0.0,MLO,352.1
1990.0,11.0,10.0,7.0,0.0,MLO,352.6
1990.0,11.0,17.0,6.0,0.0,MLO,353.0
1990.0,11.0,24.0,5.0,0.0,MLO,353.1
1990.0,12.0,1.0,7.0,0.0,MLO,353.6
1990.0,12.0,8.0,6.0,0.0,MLO,354.0
1990.0,12.0,15.0,6.0,0.0,MLO,353.8
1990.0,12.0,22.0,7.0,0.0,MLO,354.5
1990.0,12.0,29.0,6.0,0.0,MLO,354.8
1991.0,1.0,5.0,7.0,0.0,MLO,354.2
1991.0,1.0,12.0,7.0,0.0,MLO,354.7
1991.0,1.0,19.0,6.0,0.0,MLO,354.8
1991.0,1.0,26.0,7.0,0.0,MLO,355.0
1991.0,2.0,2.0,7.0,0.0,MLO,355.2
1991.0,2.0,9.0,6.0,0.0,MLO,355.2
1991.0,2.0,16.0,7.0,0.0,MLO,356.4
1991.0,2.0,23.0,6.0,0.0,MLO,355.8
1991.0,3.0,2.0,7.0,0.0,MLO,356.4
1991.0,3.0,9.0,7.0,0.0,MLO,357.2
1991.0,3.0,16.0,6.0,0.0,MLO,357.6
1991.0,3.0,23.0,7.0,0.0,MLO,356.9
1991.0,3.0,30.0,5.0,0.0,MLO,357.9
1991.0,4.0,6.0,7.0,0.0,MLO,358.3
1991.0,4.0,13.0,7.0,0.0,MLO,357.8
1991.0,4.0,20.0,6.0,0.0,MLO,359.1
1991.0,4.0,27.0,7.0,0.0,MLO,359.2
1991.0,5.0,4.0,7.0,0.0,MLO,359.1
1991.0,5.0,11.0,7.0,0.0,MLO,358.9
1991.0,5.0,18.0,7.0,0.0,MLO,360.0
1991.0,5.0,25.0,7.0,0.0,MLO,359.0
1991.0,6.0,1.0,7.0,0.0,MLO,358.5
1991.0,6.0,8.0,6.0,0.0,MLO,358.4
1991.0,6.0,15.0,6.0,0.0,MLO,358.2
1991.0,6.0,22.0,5.0,0.0,MLO,358.1
1991.0,6.0,29.0,5.0,0.0,MLO,357.7
1991.0,7.0,6.0,6.0,0.0,MLO,357.2
1991.0,7.0,13.0,5.0,0.0,MLO,356.5
1991.0,7.0,20.0,7.0,0.0,MLO,355.2
1991.0,7.0,27.0,5.0,0.0,MLO,355.3
1991.0,8.0,3.0,4.0,0.0,MLO,354.8
1991.0,8.0,10.0,5.0,0.0,MLO,354.6
1991.0,8.0,17.0,5.0,0.0,MLO,353.7
1991.0,8.0,24.0,7.0,0.0,MLO,353.0
1991.0,8.0,31.0,6.0,0.0,MLO,353.2
1991.0,9.0,7.0,4.0,0.0,MLO,353.0
1991.0,9.0,14.0,7.0,0.0,MLO,352.1
1991.0,9.0,21.0,6.0,0.0,MLO,351.8
1991.0,9.0,28.0,5.0,0.0,MLO,351.6
1991.0,10.0,5.0,7.0,0.0,MLO,351.7
1991.0,10.0,12.0,6.0,0.0,MLO,352.1
1991.0,10.0,19.0,6.0,0.0,MLO,352.5
1991.0,10.0,26.0,7.0,0.0,MLO,352.7
1991.0,11.0,2.0,6.0,0.0,MLO,353.4
1991.0,11.0,9.0,7.0,0.0,MLO,353.7
1991.0,11.0,16.0,7.0,0.0,MLO,353.5
1991.0,11.0,23.0,7.0,0.0,MLO,353.8
1991.0,11.0,30.0,7.0,0.0,MLO,354.3
1991.0,12.0,7.0,4.0,0.0,MLO,354.5
1991.0,12.0,14.0,7.0,0.0,MLO,354.9
1991.0,12.0,21.0,6.0,0.0,MLO,355.2
1991.0,12.0,28.0,6.0,0.0,MLO,355.5
1992.0,1.0,4.0,6.0,0.0,MLO,355.6
1992.0,1.0,11.0,7.0,0.0,MLO,356.0
1992.0,1.0,18.0,4.0,0.0,MLO,356.1
1992.0,1.0,25.0,7.0,0.0,MLO,355.9
1992.0,2.0,1.0,5.0,0.0,MLO,356.0
1992.0,2.0,8.0,7.0,0.0,MLO,356.7
1992.0,2.0,15.0,6.0,0.0,MLO,357.3
1992.0,2.0,22.0,4.0,0.0,MLO,356.9
1992.0,2.0,29.0,7.0,0.0,MLO,356.5
1992.0,3.0,7.0,7.0,0.0,MLO,357.3
1992.0,3.0,14.0,5.0,0.0,MLO,357.8
1992.0,3.0,21.0,6.0,0.0,MLO,358.1
1992.0,3.0,28.0,6.0,0.0,MLO,358.4
1992.0,4.0,4.0,7.0,0.0,MLO,358.5
1992.0,4.0,11.0,5.0,0.0,MLO,358.9
1992.0,4.0,18.0,5.0,0.0,MLO,359.7
1992.0,4.0,25.0,6.0,0.0,MLO,359.2
1992.0,5.0,2.0,7.0,0.0,MLO,359.6
1992.0,5.0,9.0,7.0,0.0,MLO,359.7
1992.0,5.0,16.0,7.0,0.0,MLO,358.6
1992.0,5.0,23.0,7.0,0.0,MLO,359.6
1992.0,5.0,30.0,7.0,0.0,MLO,360.2
1992.0,6.0,6.0,7.0,0.0,MLO,360.0
1992.0,6.0,13.0,4.0,0.0,MLO,359.4
1992.0,6.0,20.0,7.0,0.0,MLO,358.7
1992.0,6.0,27.0,7.0,0.0,MLO,358.4
1992.0,7.0,4.0,5.0,0.0,MLO,358.4
1992.0,7.0,11.0,5.0,0.0,MLO,357.2
1992.0,7.0,18.0,5.0,0.0,MLO,356.3
1992.0,7.0,25.0,5.0,0.0,MLO,356.1
1992.0,8.0,1.0,2.0,0.0,MLO,354.9
1992.0,8.0,8.0,6.0,0.0,MLO,355.3
1992.0,8.0,15.0,6.0,0.0,MLO,355.3
1992.0,8.0,22.0,4.0,0.0,MLO,354.5
1992.0,8.0,29.0,3.0,0.0,MLO,354.3
1992.0,9.0,5.0,5.0,0.0,MLO,353.5
1992.0,9.0,12.0,6.0,0.0,MLO,353.6
1992.0,9.0,19.0,7.0,0.0,MLO,352.3
1992.0,9.0,26.0,7.0,0.0,MLO,352.7
1992.0,10.0,3.0,6.0,0.0,MLO,353.6
1992.0,10.0,10.0,5.0,0.0,MLO,353.3
1992.0,10.0,17.0,7.0,0.0,MLO,353.2
1992.0,10.0,24.0,7.0,0.0,MLO,353.5
1992.0,10.0,31.0,7.0,0.0,MLO,353.5
1992.0,11.0,7.0,7.0,0.0,MLO,353.9
1992.0,11.0,14.0,6.0,0.0,MLO,353.8
1992.0,11.0,21.0,7.0,0.0,MLO,354.5
1992.0,11.0,28.0,7.0,0.0,MLO,354.6
1992.0,12.0,5.0,7.0,0.0,MLO,354.8
1992.0,12.0,12.0,7.0,0.0,MLO,355.3
1992.0,12.0,19.0,7.0,0.0,MLO,355.4
1992.0,12.0,26.0,6.0,0.0,MLO,355.9
1993.0,1.0,2.0,6.0,0.0,MLO,356.2
1993.0,1.0,9.0,5.0,0.0,MLO,356.9
1993.0,1.0,16.0,6.0,0.0,MLO,356.7
1993.0,1.0,23.0,6.0,0.0,MLO,356.6
1993.0,1.0,30.0,7.0,0.0,MLO,357.0
1993.0,2.0,6.0,7.0,0.0,MLO,356.6
1993.0,2.0,13.0,7.0,0.0,MLO,357.2
1993.0,2.0,20.0,7.0,0.0,MLO,357.3
1993.0,2.0,27.0,5.0,0.0,MLO,357.6
1993.0,3.0,6.0,6.0,0.0,MLO,358.3
1993.0,3.0,13.0,5.0,0.0,MLO,358.5
1993.0,3.0,20.0,7.0,0.0,MLO,358.1
1993.0,3.0,27.0,4.0,0.0,MLO,358.8
1993.0,4.0,3.0,7.0,0.0,MLO,359.1
1993.0,4.0,10.0,6.0,0.0,MLO,358.8
1993.0,4.0,17.0,7.0,0.0,MLO,359.4
1993.0,4.0,24.0,7.0,0.0,MLO,360.0
1993.0,5.0,1.0,6.0,0.0,MLO,359.6
1993.0,5.0,8.0,7.0,0.0,MLO,359.7
1993.0,5.0,15.0,6.0,0.0,MLO,360.7
1993.0,5.0,22.0,6.0,0.0,MLO,360.6
1993.0,5.0,29.0,7.0,0.0,MLO,360.3
1993.0,6.0,5.0,7.0,0.0,MLO,359.7
1993.0,6.0,12.0,7.0,0.0,MLO,359.9
1993.0,6.0,19.0,7.0,0.0,MLO,359.3
1993.0,6.0,26.0,6.0,0.0,MLO,359.1
1993.0,7.0,3.0,6.0,0.0,MLO,357.9
1993.0,7.0,10.0,7.0,0.0,MLO,358.0
1993.0,7.0,17.0,4.0,0.0,MLO,358.1
1993.0,7.0,24.0,5.0,0.0,MLO,356.6
1993.0,7.0,31.0,5.0,0.0,MLO,356.5
1993.0,8.0,7.0,6.0,0.0,MLO,355.8
1993.0,8.0,14.0,5.0,0.0,MLO,355.9
1993.0,8.0,21.0,4.0,0.0,MLO,354.9
1993.0,8.0,28.0,4.0,0.0,MLO,354.7
1993.0,9.0,4.0,1.0,0.0,MLO,354.3
1993.0,9.0,11.0,6.0,0.0,MLO,353.2
1993.0,9.0,18.0,6.0,0.0,MLO,353.8
1993.0,9.0,25.0,6.0,0.0,MLO,353.8
1993.0,10.0,2.0,5.0,0.0,MLO,353.8
1993.0,10.0,9.0,6.0,0.0,MLO,353.8
1993.0,10.0,16.0,6.0,0.0,MLO,354.0
1993.0,10.0,23.0,6.0,0.0,MLO,354.4
1993.0,10.0,30.0,7.0,0.0,MLO,354.3
1993.0,11.0,6.0,6.0,0.0,MLO,354.7
1993.0,11.0,13.0,7.0,0.0,MLO,355.1
1993.0,11.0,20.0,7.0,0.0,MLO,355.6
1993.0,11.0,27.0,7.0,0.0,MLO,356.0
1993.0,12.0,4.0,6.0,0.0,MLO,356.2
1993.0,12.0,11.0,7.0,0.0,MLO,356.5
1993.0,12.0,18.0,7.0,0.0,MLO,356.9
1993.0,12.0,25.0,2.0,0.0,MLO,357.5
1994.0,1.0,1.0,6.0,0.0,MLO,358.1
1994.0,1.0,8.0,6.0,0.0,MLO,358.1
1994.0,1.0,15.0,7.0,0.0,MLO,358.4
1994.0,1.0,22.0,7.0,0.0,MLO,358.3
1994.0,1.0,29.0,7.0,0.0,MLO,358.7
1994.0,2.0,5.0,5.0,0.0,MLO,358.4
1994.0,2.0,12.0,6.0,0.0,MLO,358.6
1994.0,2.0,19.0,7.0,0.0,MLO,359.0
1994.0,2.0,26.0,5.0,0.0,MLO,359.6
1994.0,3.0,5.0,6.0,0.0,MLO,358.7
1994.0,3.0,12.0,7.0,0.0,MLO,359.8
1994.0,3.0,19.0,7.0,0.0,MLO,360.4
1994.0,3.0,26.0,6.0,0.0,MLO,360.8
1994.0,4.0,2.0,7.0,0.0,MLO,360.6
1994.0,4.0,9.0,7.0,0.0,MLO,361.0
1994.0,4.0,16.0,7.0,0.0,MLO,361.0
1994.0,4.0,23.0,5.0,0.0,MLO,361.3
1994.0,4.0,30.0,6.0,0.0,MLO,362.2
1994.0,5.0,7.0,5.0,0.0,MLO,361.6
1994.0,5.0,14.0,6.0,0.0,MLO,361.4
1994.0,5.0,21.0,2.0,0.0,MLO,361.7
1994.0,5.0,28.0,4.0,0.0,MLO,361.9
1994.0,6.0,4.0,6.0,0.0,MLO,361.0
1994.0,6.0,11.0,6.0,0.0,MLO,361.0
1994.0,6.0,18.0,6.0,0.0,MLO,360.9
1994.0,6.0,25.0,6.0,0.0,MLO,360.7
1994.0,7.0,2.0,6.0,0.0,MLO,360.2
1994.0,7.0,9.0,7.0,0.0,MLO,359.9
1994.0,7.0,16.0,7.0,0.0,MLO,359.4
1994.0,7.0,23.0,7.0,0.0,MLO,359.0
1994.0,7.0,30.0,5.0,0.0,MLO,358.8
1994.0,8.0,6.0,6.0,0.0,MLO,358.1
1994.0,8.0,13.0,1.0,0.0,MLO,357.5
1994.0,8.0,20.0,4.0,0.0,MLO,357.6
1994.0,8.0,27.0,6.0,0.0,MLO,356.3
1994.0,9.0,3.0,7.0,0.0,MLO,356.4
1994.0,9.0,10.0,6.0,0.0,MLO,356.4
1994.0,9.0,17.0,7.0,0.0,MLO,355.4
1994.0,9.0,24.0,7.0,0.0,MLO,355.5
1994.0,10.0,1.0,7.0,0.0,MLO,355.4
1994.0,10.0,8.0,7.0,0.0,MLO,355.8
1994.0,10.0,15.0,7.0,0.0,MLO,356.0
1994.0,10.0,22.0,7.0,0.0,MLO,356.3
1994.0,10.0,29.0,7.0,0.0,MLO,356.6
1994.0,11.0,5.0,7.0,0.0,MLO,356.9
1994.0,11.0,12.0,5.0,0.0,MLO,357.4
1994.0,11.0,19.0,7.0,0.0,MLO,357.9
1994.0,11.0,26.0,7.0,0.0,MLO,358.1
1994.0,12.0,3.0,7.0,0.0,MLO,358.4
1994.0,12.0,10.0,7.0,0.0,MLO,359.1
1994.0,12.0,17.0,7.0,0.0,MLO,359.2
1994.0,12.0,24.0,7.0,0.0,MLO,359.1
1994.0,12.0,31.0,7.0,0.0,MLO,359.5
1995.0,1.0,7.0,4.0,0.0,MLO,359.6
1995.0,1.0,14.0,7.0,0.0,MLO,360.2
1995.0,1.0,21.0,6.0,0.0,MLO,360.1
1995.0,1.0,28.0,7.0,0.0,MLO,360.0
1995.0,2.0,4.0,6.0,0.0,MLO,360.6
1995.0,2.0,11.0,6.0,0.0,MLO,361.0
1995.0,2.0,18.0,7.0,0.0,MLO,360.8
1995.0,2.0,25.0,7.0,0.0,MLO,361.3
1995.0,3.0,4.0,6.0,0.0,MLO,362.2
1995.0,3.0,11.0,7.0,0.0,MLO,361.2
1995.0,3.0,18.0,5.0,0.0,MLO,360.9
1995.0,3.0,25.0,5.0,0.0,MLO,362.0
1995.0,4.0,1.0,7.0,0.0,MLO,363.8
1995.0,4.0,8.0,7.0,0.0,MLO,363.4
1995.0,4.0,15.0,7.0,0.0,MLO,363.3
1995.0,4.0,22.0,7.0,0.0,MLO,362.8
1995.0,4.0,29.0,6.0,0.0,MLO,363.5
1995.0,5.0,6.0,7.0,0.0,MLO,363.2
1995.0,5.0,13.0,7.0,0.0,MLO,364.1
1995.0,5.0,20.0,7.0,0.0,MLO,364.1
1995.0,5.0,27.0,7.0,0.0,MLO,363.4
1995.0,6.0,3.0,6.0,0.0,MLO,363.9
1995.0,6.0,10.0,7.0,0.0,MLO,363.4
1995.0,6.0,17.0,6.0,0.0,MLO,362.9
1995.0,6.0,24.0,7.0,0.0,MLO,362.8
1995.0,7.0,1.0,6.0,0.0,MLO,362.5
1995.0,7.0,8.0,5.0,0.0,MLO,362.2
1995.0,7.0,15.0,6.0,0.0,MLO,361.9
1995.0,7.0,22.0,6.0,0.0,MLO,361.5
1995.0,7.0,29.0,7.0,0.0,MLO,360.9
1995.0,8.0,5.0,7.0,0.0,MLO,360.4
1995.0,8.0,12.0,5.0,0.0,MLO,359.2
1995.0,8.0,19.0,7.0,0.0,MLO,358.7
1995.0,8.0,26.0,6.0,0.0,MLO,359.2
1995.0,9.0,2.0,4.0,0.0,MLO,357.3
1995.0,9.0,9.0,7.0,0.0,MLO,358.5
1995.0,9.0,16.0,6.0,0.0,MLO,358.5
1995.0,9.0,23.0,6.0,0.0,MLO,358.2
1995.0,9.0,30.0,7.0,0.0,MLO,357.5
1995.0,10.0,7.0,7.0,0.0,MLO,357.6
1995.0,10.0,14.0,7.0,0.0,MLO,357.6
1995.0,10.0,21.0,7.0,0.0,MLO,358.0
1995.0,10.0,28.0,6.0,0.0,MLO,358.2
1995.0,11.0,4.0,6.0,0.0,MLO,359.1
1995.0,11.0,11.0,6.0,0.0,MLO,359.4
1995.0,11.0,18.0,7.0,0.0,MLO,359.6
1995.0,11.0,25.0,7.0,0.0,MLO,359.8
1995.0,12.0,2.0,7.0,0.0,MLO,360.1
1995.0,12.0,9.0,7.0,0.0,MLO,360.4
1995.0,12.0,16.0,7.0,0.0,MLO,360.5
1995.0,12.0,23.0,6.0,0.0,MLO,360.8
1995.0,12.0,30.0,5.0,0.0,MLO,361.7
1996.0,1.0,6.0,7.0,0.0,MLO,361.8
1996.0,1.0,13.0,7.0,0.0,MLO,362.0
1996.0,1.0,20.0,7.0,0.0,MLO,362.1
1996.0,1.0,27.0,4.0,0.0,MLO,362.2
1996.0,2.0,3.0,7.0,0.0,MLO,362.6
1996.0,2.0,10.0,7.0,0.0,MLO,363.1
1996.0,2.0,17.0,7.0,0.0,MLO,363.0
1996.0,2.0,24.0,7.0,0.0,MLO,364.0
1996.0,3.0,2.0,6.0,0.0,MLO,363.8
1996.0,3.0,9.0,7.0,0.0,MLO,363.6
1996.0,3.0,16.0,7.0,0.0,MLO,364.1
1996.0,3.0,23.0,6.0,0.0,MLO,364.5
1996.0,3.0,30.0,7.0,0.0,MLO,364.3
1996.0,4.0,6.0,7.0,0.0,MLO,364.5
1996.0,4.0,13.0,7.0,0.0,MLO,364.8
1996.0,4.0,20.0,7.0,0.0,MLO,364.4
1996.0,4.0,27.0,7.0,0.0,MLO,365.1
1996.0,5.0,4.0,7.0,0.0,MLO,364.9
1996.0,5.0,11.0,6.0,0.0,MLO,365.3
1996.0,5.0,18.0,7.0,0.0,MLO,365.7
1996.0,5.0,25.0,7.0,0.0,MLO,365.4
1996.0,6.0,1.0,7.0,0.0,MLO,364.8
1996.0,6.0,8.0,5.0,0.0,MLO,365.1
1996.0,6.0,15.0,7.0,0.0,MLO,365.2
1996.0,6.0,22.0,7.0,0.0,MLO,365.0
1996.0,6.0,29.0,7.0,0.0,MLO,364.3
1996.0,7.0,6.0,7.0,0.0,MLO,364.1
1996.0,7.0,13.0,7.0,0.0,MLO,363.7
1996.0,7.0,20.0,7.0,0.0,MLO,363.3
1996.0,7.0,27.0,7.0,0.0,MLO,362.8
1996.0,8.0,3.0,7.0,0.0,MLO,361.7
1996.0,8.0,10.0,6.0,0.0,MLO,362.1
1996.0,8.0,17.0,7.0,0.0,MLO,361.2
1996.0,8.0,24.0,7.0,0.0,MLO,360.8
1996.0,8.0,31.0,7.0,0.0,MLO,360.8
1996.0,9.0,7.0,4.0,0.0,MLO,359.8
1996.0,9.0,14.0,6.0,0.0,MLO,359.8
1996.0,9.0,21.0,7.0,0.0,MLO,359.0
1996.0,9.0,28.0,6.0,0.0,MLO,359.0
1996.0,10.0,5.0,7.0,0.0,MLO,359.4
1996.0,10.0,12.0,5.0,0.0,MLO,359.5
1996.0,10.0,19.0,4.0,0.0,MLO,359.8
1996.0,10.0,26.0,6.0,0.0,MLO,359.8
1996.0,11.0,2.0,4.0,0.0,MLO,359.9
1996.0,11.0,9.0,7.0,0.0,MLO,360.5
1996.0,11.0,16.0,5.0,0.0,MLO,360.7
1996.0,11.0,23.0,7.0,0.0,MLO,361.2
1996.0,11.0,30.0,4.0,0.0,MLO,361.4
1996.0,12.0,7.0,6.0,0.0,MLO,361.9
1996.0,12.0,14.0,5.0,0.0,MLO,362.6
1996.0,12.0,21.0,7.0,0.0,MLO,362.4
1996.0,12.0,28.0,7.0,0.0,MLO,362.6
1997.0,1.0,4.0,7.0,0.0,MLO,362.9
1997.0,1.0,11.0,7.0,0.0,MLO,363.0
1997.0,1.0,18.0,5.0,0.0,MLO,363.1
1997.0,1.0,25.0,7.0,0.0,MLO,363.5
1997.0,2.0,1.0,7.0,0.0,MLO,363.2
1997.0,2.0,8.0,6.0,0.0,MLO,364.1
1997.0,2.0,15.0,6.0,0.0,MLO,364.0
1997.0,2.0,22.0,5.0,0.0,MLO,364.2
1997.0,3.0,1.0,4.0,0.0,MLO,364.5
1997.0,3.0,8.0,4.0,0.0,MLO,364.1
1997.0,3.0,15.0,7.0,0.0,MLO,364.1
1997.0,3.0,22.0,6.0,0.0,MLO,364.7
1997.0,3.0,29.0,7.0,0.0,MLO,365.4
1997.0,4.0,5.0,7.0,0.0,MLO,365.8
1997.0,4.0,12.0,6.0,0.0,MLO,366.2
1997.0,4.0,19.0,3.0,0.0,MLO,366.6
1997.0,4.0,26.0,6.0,0.0,MLO,366.7
1997.0,5.0,3.0,7.0,0.0,MLO,366.7
1997.0,5.0,10.0,7.0,0.0,MLO,366.8
1997.0,5.0,17.0,7.0,0.0,MLO,367.0
1997.0,5.0,24.0,6.0,0.0,MLO,366.6
1997.0,5.0,31.0,6.0,0.0,MLO,366.3
1997.0,6.0,7.0,7.0,0.0,MLO,365.7
1997.0,6.0,14.0,5.0,0.0,MLO,365.6
1997.0,6.0,21.0,7.0,0.0,MLO,365.5
1997.0,6.0,28.0,6.0,0.0,MLO,365.1
1997.0,7.0,5.0,7.0,0.0,MLO,365.0
1997.0,7.0,12.0,7.0,0.0,MLO,364.6
1997.0,7.0,19.0,6.0,0.0,MLO,364.1
1997.0,7.0,26.0,7.0,0.0,MLO,363.8
1997.0,8.0,2.0,5.0,0.0,MLO,363.3
1997.0,8.0,9.0,4.0,0.0,MLO,363.3
1997.0,8.0,16.0,4.0,0.0,MLO,362.6
1997.0,8.0,23.0,7.0,0.0,MLO,361.5
1997.0,8.0,30.0,6.0,0.0,MLO,361.6
1997.0,9.0,6.0,7.0,0.0,MLO,360.6
1997.0,9.0,13.0,7.0,0.0,MLO,360.2
1997.0,9.0,20.0,7.0,0.0,MLO,360.0
1997.0,9.0,27.0,7.0,0.0,MLO,359.8
1997.0,10.0,4.0,7.0,0.0,MLO,360.5
1997.0,10.0,11.0,7.0,0.0,MLO,360.4
1997.0,10.0,18.0,7.0,0.0,MLO,361.0
1997.0,10.0,25.0,6.0,0.0,MLO,361.1
1997.0,11.0,1.0,7.0,0.0,MLO,361.7
1997.0,11.0,8.0,7.0,0.0,MLO,362.1
1997.0,11.0,15.0,7.0,0.0,MLO,362.0
1997.0,11.0,22.0,6.0,0.0,MLO,362.6
1997.0,11.0,29.0,7.0,0.0,MLO,363.5
1997.0,12.0,6.0,7.0,0.0,MLO,363.9
1997.0,12.0,13.0,6.0,0.0,MLO,363.9
1997.0,12.0,20.0,7.0,0.0,MLO,364.2
1997.0,12.0,27.0,7.0,0.0,MLO,365.0
1998.0,1.0,3.0,6.0,0.0,MLO,365.2
1998.0,1.0,10.0,7.0,0.0,MLO,365.3
1998.0,1.0,17.0,7.0,0.0,MLO,365.3
1998.0,1.0,24.0,7.0,0.0,MLO,365.3
1998.0,1.0,31.0,7.0,0.0,MLO,365.6
1998.0,2.0,7.0,7.0,0.0,MLO,366.0
1998.0,2.0,14.0,7.0,0.0,MLO,365.5
1998.0,2.0,21.0,3.0,0.0,MLO,366.0
1998.0,2.0,28.0,5.0,0.0,MLO,367.3
1998.0,3.0,7.0,7.0,0.0,MLO,367.0
1998.0,3.0,14.0,7.0,0.0,MLO,366.6
1998.0,3.0,21.0,7.0,0.0,MLO,367.4
1998.0,3.0,28.0,7.0,0.0,MLO,368.5
1998.0,4.0,4.0,7.0,0.0,MLO,368.6
1998.0,4.0,11.0,6.0,0.0,MLO,368.6
1998.0,4.0,18.0,7.0,0.0,MLO,368.0
1998.0,4.0,25.0,7.0,0.0,MLO,368.9
1998.0,5.0,2.0,6.0,0.0,MLO,369.1
1998.0,5.0,9.0,4.0,0.0,MLO,368.8
1998.0,5.0,16.0,6.0,0.0,MLO,368.5
1998.0,5.0,23.0,7.0,0.0,MLO,369.6
1998.0,5.0,30.0,7.0,0.0,MLO,369.7
1998.0,6.0,6.0,6.0,0.0,MLO,369.4
1998.0,6.0,13.0,7.0,0.0,MLO,368.8
1998.0,6.0,20.0,6.0,0.0,MLO,368.5
1998.0,6.0,27.0,6.0,0.0,MLO,368.3
1998.0,7.0,4.0,6.0,0.0,MLO,368.0
1998.0,7.0,11.0,7.0,0.0,MLO,367.5
1998.0,7.0,18.0,5.0,0.0,MLO,367.6
1998.0,7.0,25.0,7.0,0.0,MLO,367.3
1998.0,8.0,1.0,7.0,0.0,MLO,366.8
1998.0,8.0,8.0,6.0,0.0,MLO,366.4
1998.0,8.0,15.0,6.0,0.0,MLO,365.6
1998.0,8.0,22.0,3.0,0.0,MLO,365.6
1998.0,8.0,29.0,4.0,0.0,MLO,364.2
1998.0,9.0,5.0,7.0,0.0,MLO,364.7
1998.0,9.0,12.0,7.0,0.0,MLO,363.9
1998.0,9.0,19.0,7.0,0.0,MLO,363.5
1998.0,9.0,26.0,7.0,0.0,MLO,363.6
1998.0,10.0,3.0,7.0,0.0,MLO,364.0
1998.0,10.0,10.0,7.0,0.0,MLO,364.1
1998.0,10.0,17.0,7.0,0.0,MLO,364.4
1998.0,10.0,24.0,7.0,0.0,MLO,364.4
1998.0,10.0,31.0,6.0,0.0,MLO,364.7
1998.0,11.0,7.0,7.0,0.0,MLO,365.0
1998.0,11.0,14.0,7.0,0.0,MLO,365.4
1998.0,11.0,21.0,7.0,0.0,MLO,365.8
1998.0,11.0,28.0,7.0,0.0,MLO,366.0
1998.0,12.0,5.0,7.0,0.0,MLO,366.4
1998.0,12.0,12.0,6.0,0.0,MLO,366.7
1998.0,12.0,19.0,7.0,0.0,MLO,367.3
1998.0,12.0,26.0,7.0,0.0,MLO,367.3
1999.0,1.0,2.0,7.0,0.0,MLO,367.5
1999.0,1.0,9.0,7.0,0.0,MLO,367.8
1999.0,1.0,16.0,7.0,0.0,MLO,367.8
1999.0,1.0,23.0,7.0,0.0,MLO,368.3
1999.0,1.0,30.0,7.0,0.0,MLO,369.2
1999.0,2.0,6.0,7.0,0.0,MLO,369.1
1999.0,2.0,13.0,7.0,0.0,MLO,368.8
1999.0,2.0,20.0,7.0,0.0,MLO,369.0
1999.0,2.0,27.0,7.0,0.0,MLO,368.5
1999.0,3.0,6.0,7.0,0.0,MLO,368.1
1999.0,3.0,13.0,7.0,0.0,MLO,369.5
1999.0,3.0,20.0,7.0,0.0,MLO,370.2
1999.0,3.0,27.0,7.0,0.0,MLO,370.6
1999.0,4.0,3.0,7.0,0.0,MLO,371.1
1999.0,4.0,10.0,7.0,0.0,MLO,371.5
1999.0,4.0,17.0,7.0,0.0,MLO,371.0
1999.0,4.0,24.0,6.0,0.0,MLO,370.3
1999.0,5.0,1.0,6.0,0.0,MLO,370.8
1999.0,5.0,8.0,7.0,0.0,MLO,371.3
1999.0,5.0,15.0,6.0,0.0,MLO,371.0
1999.0,5.0,22.0,4.0,0.0,MLO,370.8
1999.0,5.0,29.0,6.0,0.0,MLO,370.3
1999.0,6.0,5.0,6.0,0.0,MLO,370.9
1999.0,6.0,12.0,7.0,0.0,MLO,370.3
1999.0,6.0,19.0,7.0,0.0,MLO,369.9
1999.0,6.0,26.0,7.0,0.0,MLO,369.9
1999.0,7.0,3.0,5.0,0.0,MLO,369.4
1999.0,7.0,10.0,7.0,0.0,MLO,370.1
1999.0,7.0,17.0,7.0,0.0,MLO,369.5
1999.0,7.0,24.0,6.0,0.0,MLO,368.6
1999.0,7.0,31.0,6.0,0.0,MLO,367.4
1999.0,8.0,7.0,7.0,0.0,MLO,367.6
1999.0,8.0,14.0,6.0,0.0,MLO,366.7
1999.0,8.0,21.0,7.0,0.0,MLO,366.4
1999.0,8.0,28.0,7.0,0.0,MLO,366.1
1999.0,9.0,4.0,7.0,0.0,MLO,364.1
1999.0,9.0,11.0,7.0,0.0,MLO,364.7
1999.0,9.0,18.0,6.0,0.0,MLO,365.2
1999.0,9.0,25.0,7.0,0.0,MLO,364.7
1999.0,10.0,2.0,7.0,0.0,MLO,364.5
1999.0,10.0,9.0,6.0,0.0,MLO,365.0
1999.0,10.0,16.0,7.0,0.0,MLO,364.9
1999.0,10.0,23.0,7.0,0.0,MLO,365.6
1999.0,10.0,30.0,7.0,0.0,MLO,365.7
1999.0,11.0,6.0,7.0,0.0,MLO,366.2
1999.0,11.0,13.0,7.0,0.0,MLO,366.7
1999.0,11.0,20.0,5.0,0.0,MLO,366.6
1999.0,11.0,27.0,7.0,0.0,MLO,367.1
1999.0,12.0,4.0,7.0,0.0,MLO,367.4
1999.0,12.0,11.0,7.0,0.0,MLO,368.0
1999.0,12.0,18.0,7.0,0.0,MLO,368.0
1999.0,12.0,25.0,7.0,0.0,MLO,368.2
2000.0,1.0,1.0,7.0,0.0,MLO,368.6
2000.0,1.0,8.0,7.0,0.0,MLO,368.5
2000.0,1.0,15.0,6.0,0.0,MLO,369.0
2000.0,1.0,22.0,5.0,0.0,MLO,369.8
2000.0,1.0,29.0,6.0,0.0,MLO,369.2
2000.0,2.0,5.0,5.0,0.0,MLO,369.1
2000.0,2.0,12.0,7.0,0.0,MLO,369.6
2000.0,2.0,19.0,7.0,0.0,MLO,369.3
2000.0,2.0,26.0,7.0,0.0,MLO,369.5
2000.0,3.0,4.0,6.0,0.0,MLO,370.0
2000.0,3.0,11.0,7.0,0.0,MLO,370.0
2000.0,3.0,18.0,7.0,0.0,MLO,370.9
2000.0,3.0,25.0,7.0,0.0,MLO,370.7
2000.0,4.0,1.0,7.0,0.0,MLO,370.9
2000.0,4.0,8.0,6.0,0.0,MLO,371.7
2000.0,4.0,15.0,6.0,0.0,MLO,371.8
2000.0,4.0,22.0,7.0,0.0,MLO,372.0
2000.0,4.0,29.0,7.0,0.0,MLO,371.3
2000.0,5.0,6.0,7.0,0.0,MLO,371.2
2000.0,5.0,13.0,7.0,0.0,MLO,371.7
2000.0,5.0,20.0,7.0,0.0,MLO,371.9
2000.0,5.0,27.0,7.0,0.0,MLO,371.8
2000.0,6.0,3.0,6.0,0.0,MLO,371.9
2000.0,6.0,10.0,7.0,0.0,MLO,371.6
2000.0,6.0,17.0,7.0,0.0,MLO,371.7
2000.0,6.0,24.0,4.0,0.0,MLO,371.3
2000.0,7.0,1.0,7.0,0.0,MLO,370.8
2000.0,7.0,8.0,6.0,0.0,MLO,370.0
2000.0,7.0,15.0,7.0,0.0,MLO,370.2
2000.0,7.0,22.0,7.0,0.0,MLO,369.7
2000.0,7.0,29.0,6.0,0.0,MLO,369.0
2000.0,8.0,5.0,6.0,0.0,MLO,368.7
2000.0,8.0,12.0,7.0,0.0,MLO,368.3
2000.0,8.0,19.0,5.0,0.0,MLO,367.7
2000.0,8.0,26.0,6.0,0.0,MLO,367.1
2000.0,9.0,2.0,7.0,0.0,MLO,367.2
2000.0,9.0,9.0,4.0,0.0,MLO,366.7
2000.0,9.0,16.0,4.0,0.0,MLO,366.2
2000.0,9.0,23.0,7.0,0.0,MLO,366.2
2000.0,9.0,30.0,7.0,0.0,MLO,366.4
2000.0,10.0,7.0,7.0,0.0,MLO,366.3
2000.0,10.0,14.0,7.0,0.0,MLO,366.6
2000.0,10.0,21.0,7.0,0.0,MLO,366.7
2000.0,10.0,28.0,7.0,0.0,MLO,367.3
2000.0,11.0,4.0,6.0,0.0,MLO,367.6
2000.0,11.0,11.0,7.0,0.0,MLO,368.0
2000.0,11.0,18.0,7.0,0.0,MLO,368.6
2000.0,11.0,25.0,7.0,0.0,MLO,368.3
2000.0,12.0,2.0,5.0,0.0,MLO,369.0
2000.0,12.0,9.0,6.0,0.0,MLO,369.6
2000.0,12.0,16.0,6.0,0.0,MLO,369.3
2000.0,12.0,23.0,7.0,0.0,MLO,369.5
2000.0,12.0,30.0,7.0,0.0,MLO,369.8
2001.0,1.0,6.0,6.0,0.0,MLO,369.8
2001.0,1.0,13.0,4.0,0.0,MLO,370.2
2001.0,1.0,20.0,7.0,0.0,MLO,369.9
2001.0,1.0,27.0,7.0,0.0,MLO,370.8
2001.0,2.0,3.0,6.0,0.0,MLO,371.3
2001.0,2.0,10.0,7.0,0.0,MLO,371.1
2001.0,2.0,17.0,7.0,0.0,MLO,371.7
2001.0,2.0,24.0,7.0,0.0,MLO,371.2
2001.0,3.0,3.0,6.0,0.0,MLO,372.2
2001.0,3.0,10.0,7.0,0.0,MLO,372.2
2001.0,3.0,17.0,6.0,0.0,MLO,372.1
2001.0,3.0,24.0,6.0,0.0,MLO,371.8
2001.0,3.0,31.0,6.0,0.0,MLO,372.0
2001.0,4.0,7.0,7.0,0.0,MLO,372.7
2001.0,4.0,14.0,7.0,0.0,MLO,372.7
2001.0,4.0,21.0,7.0,0.0,MLO,373.0
2001.0,4.0,28.0,7.0,0.0,MLO,372.7
2001.0,5.0,5.0,5.0,0.0,MLO,373.7
2001.0,5.0,12.0,7.0,0.0,MLO,373.9
2001.0,5.0,19.0,5.0,0.0,MLO,373.7
2001.0,5.0,26.0,7.0,0.0,MLO,373.9
2001.0,6.0,2.0,6.0,0.0,MLO,373.8
2001.0,6.0,9.0,7.0,0.0,MLO,373.1
2001.0,6.0,16.0,7.0,0.0,MLO,372.8
2001.0,6.0,23.0,7.0,0.0,MLO,372.9
2001.0,6.0,30.0,6.0,0.0,MLO,372.7
2001.0,7.0,7.0,4.0,0.0,MLO,372.1
2001.0,7.0,14.0,7.0,0.0,MLO,371.3
2001.0,7.0,21.0,4.0,0.0,MLO,371.2
2001.0,7.0,28.0,6.0,0.0,MLO,370.6
2001.0,8.0,4.0,6.0,0.0,MLO,369.9
2001.0,8.0,11.0,7.0,0.0,MLO,369.5
2001.0,8.0,18.0,6.0,0.0,MLO,369.3
2001.0,8.0,25.0,7.0,0.0,MLO,369.0
2001.0,9.0,1.0,6.0,0.0,MLO,368.4
2001.0,9.0,8.0,7.0,0.0,MLO,368.2
2001.0,9.0,15.0,7.0,0.0,MLO,368.0
2001.0,9.0,22.0,7.0,0.0,MLO,367.4
2001.0,9.0,29.0,7.0,0.0,MLO,367.4
2001.0,10.0,6.0,7.0,0.0,MLO,367.8
2001.0,10.0,13.0,7.0,0.0,MLO,367.6
2001.0,10.0,20.0,7.0,0.0,MLO,368.1
2001.0,10.0,27.0,6.0,0.0,MLO,368.7
2001.0,11.0,3.0,7.0,0.0,MLO,368.7
2001.0,11.0,10.0,3.0,0.0,MLO,368.8
2001.0,11.0,17.0,7.0,0.0,MLO,369.7
2001.0,11.0,24.0,7.0,0.0,MLO,370.3
2001.0,12.0,1.0,7.0,0.0,MLO,370.3
2001.0,12.0,8.0,7.0,0.0,MLO,370.8
2001.0,12.0,15.0,7.0,0.0,MLO,371.2
2001.0,12.0,22.0,6.0,0.0,MLO,371.3
2001.0,12.0,29.0,6.0,0.0,MLO,371.5
